dist,hash,partition,count
uniform,fib32,0,389794
uniform,fib32,1,391267
uniform,fib32,2,391011
uniform,fib32,3,390927
uniform,fib32,4,390869
uniform,fib32,5,389990
uniform,fib32,6,389462
uniform,fib32,7,390676
uniform,fib32,8,389788
uniform,fib32,9,391131
uniform,fib32,10,389307
uniform,fib32,11,391405
uniform,fib32,12,390943
uniform,fib32,13,390583
uniform,fib32,14,391077
uniform,fib32,15,392276
uniform,fib32,16,390454
uniform,fib32,17,390911
uniform,fib32,18,390910
uniform,fib32,19,390248
uniform,fib32,20,391509
uniform,fib32,21,391351
uniform,fib32,22,390033
uniform,fib32,23,389719
uniform,fib32,24,391057
uniform,fib32,25,390535
uniform,fib32,26,390255
uniform,fib32,27,390354
uniform,fib32,28,389855
uniform,fib32,29,389806
uniform,fib32,30,389907
uniform,fib32,31,391236
uniform,fib32,32,391579
uniform,fib32,33,391250
uniform,fib32,34,390063
uniform,fib32,35,390355
uniform,fib32,36,390881
uniform,fib32,37,390662
uniform,fib32,38,390642
uniform,fib32,39,389492
uniform,fib32,40,391186
uniform,fib32,41,389403
uniform,fib32,42,391278
uniform,fib32,43,390910
uniform,fib32,44,391210
uniform,fib32,45,390196
uniform,fib32,46,389500
uniform,fib32,47,390276
uniform,fib32,48,391573
uniform,fib32,49,390896
uniform,fib32,50,390615
uniform,fib32,51,390810
uniform,fib32,52,391519
uniform,fib32,53,390694
uniform,fib32,54,391499
uniform,fib32,55,391096
uniform,fib32,56,391410
uniform,fib32,57,391395
uniform,fib32,58,391016
uniform,fib32,59,390628
uniform,fib32,60,391592
uniform,fib32,61,391291
uniform,fib32,62,390656
uniform,fib32,63,391517
uniform,fib32,64,390785
uniform,fib32,65,390603
uniform,fib32,66,392603
uniform,fib32,67,390821
uniform,fib32,68,390310
uniform,fib32,69,391709
uniform,fib32,70,391841
uniform,fib32,71,389980
uniform,fib32,72,391867
uniform,fib32,73,391120
uniform,fib32,74,390593
uniform,fib32,75,390589
uniform,fib32,76,389612
uniform,fib32,77,389929
uniform,fib32,78,390698
uniform,fib32,79,389351
uniform,fib32,80,390935
uniform,fib32,81,389890
uniform,fib32,82,390538
uniform,fib32,83,390091
uniform,fib32,84,391032
uniform,fib32,85,390804
uniform,fib32,86,391326
uniform,fib32,87,390414
uniform,fib32,88,389635
uniform,fib32,89,391580
uniform,fib32,90,390863
uniform,fib32,91,391216
uniform,fib32,92,389914
uniform,fib32,93,391732
uniform,fib32,94,390255
uniform,fib32,95,390653
uniform,fib32,96,390968
uniform,fib32,97,390630
uniform,fib32,98,391333
uniform,fib32,99,390193
uniform,fib32,100,391048
uniform,fib32,101,390641
uniform,fib32,102,390928
uniform,fib32,103,390824
uniform,fib32,104,390799
uniform,fib32,105,391291
uniform,fib32,106,391230
uniform,fib32,107,390586
uniform,fib32,108,390822
uniform,fib32,109,390203
uniform,fib32,110,390345
uniform,fib32,111,390821
uniform,fib32,112,389874
uniform,fib32,113,389450
uniform,fib32,114,390055
uniform,fib32,115,390931
uniform,fib32,116,390234
uniform,fib32,117,389818
uniform,fib32,118,390124
uniform,fib32,119,390376
uniform,fib32,120,390045
uniform,fib32,121,390558
uniform,fib32,122,392003
uniform,fib32,123,389620
uniform,fib32,124,390398
uniform,fib32,125,391255
uniform,fib32,126,391874
uniform,fib32,127,390768
uniform,fib32,128,390564
uniform,fib32,129,389708
uniform,fib32,130,390088
uniform,fib32,131,391848
uniform,fib32,132,389911
uniform,fib32,133,389994
uniform,fib32,134,390479
uniform,fib32,135,390583
uniform,fib32,136,390546
uniform,fib32,137,390576
uniform,fib32,138,389594
uniform,fib32,139,390392
uniform,fib32,140,390755
uniform,fib32,141,389891
uniform,fib32,142,390943
uniform,fib32,143,390195
uniform,fib32,144,390273
uniform,fib32,145,391108
uniform,fib32,146,390535
uniform,fib32,147,390581
uniform,fib32,148,391457
uniform,fib32,149,391471
uniform,fib32,150,389482
uniform,fib32,151,391372
uniform,fib32,152,390674
uniform,fib32,153,391102
uniform,fib32,154,389806
uniform,fib32,155,390380
uniform,fib32,156,392070
uniform,fib32,157,390594
uniform,fib32,158,390169
uniform,fib32,159,390732
uniform,fib32,160,390214
uniform,fib32,161,391287
uniform,fib32,162,390126
uniform,fib32,163,390280
uniform,fib32,164,390787
uniform,fib32,165,390647
uniform,fib32,166,390990
uniform,fib32,167,388891
uniform,fib32,168,390175
uniform,fib32,169,391380
uniform,fib32,170,390634
uniform,fib32,171,390776
uniform,fib32,172,391422
uniform,fib32,173,390259
uniform,fib32,174,390306
uniform,fib32,175,390438
uniform,fib32,176,391036
uniform,fib32,177,391929
uniform,fib32,178,391095
uniform,fib32,179,391098
uniform,fib32,180,389726
uniform,fib32,181,389868
uniform,fib32,182,390281
uniform,fib32,183,390007
uniform,fib32,184,391221
uniform,fib32,185,390782
uniform,fib32,186,390455
uniform,fib32,187,390389
uniform,fib32,188,390786
uniform,fib32,189,390829
uniform,fib32,190,390034
uniform,fib32,191,390852
uniform,fib32,192,390804
uniform,fib32,193,390992
uniform,fib32,194,390611
uniform,fib32,195,390240
uniform,fib32,196,390638
uniform,fib32,197,390474
uniform,fib32,198,389807
uniform,fib32,199,390943
uniform,fib32,200,389048
uniform,fib32,201,390232
uniform,fib32,202,390526
uniform,fib32,203,390456
uniform,fib32,204,390460
uniform,fib32,205,390606
uniform,fib32,206,390473
uniform,fib32,207,390682
uniform,fib32,208,390469
uniform,fib32,209,391064
uniform,fib32,210,389674
uniform,fib32,211,390621
uniform,fib32,212,389876
uniform,fib32,213,390252
uniform,fib32,214,390376
uniform,fib32,215,389375
uniform,fib32,216,391471
uniform,fib32,217,390473
uniform,fib32,218,391475
uniform,fib32,219,391108
uniform,fib32,220,389812
uniform,fib32,221,389437
uniform,fib32,222,390467
uniform,fib32,223,391601
uniform,fib32,224,390460
uniform,fib32,225,391651
uniform,fib32,226,390762
uniform,fib32,227,391772
uniform,fib32,228,389169
uniform,fib32,229,390915
uniform,fib32,230,390873
uniform,fib32,231,389814
uniform,fib32,232,390781
uniform,fib32,233,392332
uniform,fib32,234,390307
uniform,fib32,235,391120
uniform,fib32,236,390364
uniform,fib32,237,390238
uniform,fib32,238,390035
uniform,fib32,239,390258
uniform,fib32,240,390173
uniform,fib32,241,391031
uniform,fib32,242,390531
uniform,fib32,243,391078
uniform,fib32,244,390060
uniform,fib32,245,390589
uniform,fib32,246,390445
uniform,fib32,247,390700
uniform,fib32,248,390351
uniform,fib32,249,390646
uniform,fib32,250,390778
uniform,fib32,251,390384
uniform,fib32,252,389658
uniform,fib32,253,391309
uniform,fib32,254,390864
uniform,fib32,255,390066
uniform,fib32_lowbits,0,391685
uniform,fib32_lowbits,1,390617
uniform,fib32_lowbits,2,391457
uniform,fib32_lowbits,3,391616
uniform,fib32_lowbits,4,390228
uniform,fib32_lowbits,5,390150
uniform,fib32_lowbits,6,390007
uniform,fib32_lowbits,7,390334
uniform,fib32_lowbits,8,390465
uniform,fib32_lowbits,9,391220
uniform,fib32_lowbits,10,389091
uniform,fib32_lowbits,11,390860
uniform,fib32_lowbits,12,390584
uniform,fib32_lowbits,13,390147
uniform,fib32_lowbits,14,391388
uniform,fib32_lowbits,15,390209
uniform,fib32_lowbits,16,391322
uniform,fib32_lowbits,17,390361
uniform,fib32_lowbits,18,391679
uniform,fib32_lowbits,19,390149
uniform,fib32_lowbits,20,390202
uniform,fib32_lowbits,21,391868
uniform,fib32_lowbits,22,390564
uniform,fib32_lowbits,23,390030
uniform,fib32_lowbits,24,391092
uniform,fib32_lowbits,25,388949
uniform,fib32_lowbits,26,390191
uniform,fib32_lowbits,27,390249
uniform,fib32_lowbits,28,391108
uniform,fib32_lowbits,29,390670
uniform,fib32_lowbits,30,390069
uniform,fib32_lowbits,31,391358
uniform,fib32_lowbits,32,390770
uniform,fib32_lowbits,33,391118
uniform,fib32_lowbits,34,390362
uniform,fib32_lowbits,35,390233
uniform,fib32_lowbits,36,391065
uniform,fib32_lowbits,37,390692
uniform,fib32_lowbits,38,390269
uniform,fib32_lowbits,39,390437
uniform,fib32_lowbits,40,390949
uniform,fib32_lowbits,41,391395
uniform,fib32_lowbits,42,390872
uniform,fib32_lowbits,43,391049
uniform,fib32_lowbits,44,390318
uniform,fib32_lowbits,45,389898
uniform,fib32_lowbits,46,389371
uniform,fib32_lowbits,47,390736
uniform,fib32_lowbits,48,390581
uniform,fib32_lowbits,49,391396
uniform,fib32_lowbits,50,390639
uniform,fib32_lowbits,51,389811
uniform,fib32_lowbits,52,390081
uniform,fib32_lowbits,53,390874
uniform,fib32_lowbits,54,389763
uniform,fib32_lowbits,55,390596
uniform,fib32_lowbits,56,389509
uniform,fib32_lowbits,57,390717
uniform,fib32_lowbits,58,389222
uniform,fib32_lowbits,59,390457
uniform,fib32_lowbits,60,389535
uniform,fib32_lowbits,61,390396
uniform,fib32_lowbits,62,391008
uniform,fib32_lowbits,63,390105
uniform,fib32_lowbits,64,390484
uniform,fib32_lowbits,65,391722
uniform,fib32_lowbits,66,391080
uniform,fib32_lowbits,67,391098
uniform,fib32_lowbits,68,390294
uniform,fib32_lowbits,69,390455
uniform,fib32_lowbits,70,390839
uniform,fib32_lowbits,71,390692
uniform,fib32_lowbits,72,390547
uniform,fib32_lowbits,73,390900
uniform,fib32_lowbits,74,391659
uniform,fib32_lowbits,75,390851
uniform,fib32_lowbits,76,390219
uniform,fib32_lowbits,77,390772
uniform,fib32_lowbits,78,389404
uniform,fib32_lowbits,79,390784
uniform,fib32_lowbits,80,389369
uniform,fib32_lowbits,81,391379
uniform,fib32_lowbits,82,390577
uniform,fib32_lowbits,83,391620
uniform,fib32_lowbits,84,390381
uniform,fib32_lowbits,85,390461
uniform,fib32_lowbits,86,389990
uniform,fib32_lowbits,87,389568
uniform,fib32_lowbits,88,390846
uniform,fib32_lowbits,89,390985
uniform,fib32_lowbits,90,390522
uniform,fib32_lowbits,91,390827
uniform,fib32_lowbits,92,390808
uniform,fib32_lowbits,93,390691
uniform,fib32_lowbits,94,391100
uniform,fib32_lowbits,95,390913
uniform,fib32_lowbits,96,390217
uniform,fib32_lowbits,97,391541
uniform,fib32_lowbits,98,390442
uniform,fib32_lowbits,99,390671
uniform,fib32_lowbits,100,390880
uniform,fib32_lowbits,101,390418
uniform,fib32_lowbits,102,390512
uniform,fib32_lowbits,103,390291
uniform,fib32_lowbits,104,390723
uniform,fib32_lowbits,105,390496
uniform,fib32_lowbits,106,390477
uniform,fib32_lowbits,107,391102
uniform,fib32_lowbits,108,391074
uniform,fib32_lowbits,109,388869
uniform,fib32_lowbits,110,390294
uniform,fib32_lowbits,111,391261
uniform,fib32_lowbits,112,390515
uniform,fib32_lowbits,113,390530
uniform,fib32_lowbits,114,390911
uniform,fib32_lowbits,115,390847
uniform,fib32_lowbits,116,390914
uniform,fib32_lowbits,117,389720
uniform,fib32_lowbits,118,390669
uniform,fib32_lowbits,119,390923
uniform,fib32_lowbits,120,389995
uniform,fib32_lowbits,121,390456
uniform,fib32_lowbits,122,390186
uniform,fib32_lowbits,123,390909
uniform,fib32_lowbits,124,390907
uniform,fib32_lowbits,125,390955
uniform,fib32_lowbits,126,390488
uniform,fib32_lowbits,127,390468
uniform,fib32_lowbits,128,390386
uniform,fib32_lowbits,129,390532
uniform,fib32_lowbits,130,390783
uniform,fib32_lowbits,131,390605
uniform,fib32_lowbits,132,391034
uniform,fib32_lowbits,133,391175
uniform,fib32_lowbits,134,390968
uniform,fib32_lowbits,135,391077
uniform,fib32_lowbits,136,390536
uniform,fib32_lowbits,137,390428
uniform,fib32_lowbits,138,390220
uniform,fib32_lowbits,139,390519
uniform,fib32_lowbits,140,390180
uniform,fib32_lowbits,141,390978
uniform,fib32_lowbits,142,390476
uniform,fib32_lowbits,143,390260
uniform,fib32_lowbits,144,392091
uniform,fib32_lowbits,145,389810
uniform,fib32_lowbits,146,390768
uniform,fib32_lowbits,147,391145
uniform,fib32_lowbits,148,391322
uniform,fib32_lowbits,149,390976
uniform,fib32_lowbits,150,391275
uniform,fib32_lowbits,151,390782
uniform,fib32_lowbits,152,390678
uniform,fib32_lowbits,153,390580
uniform,fib32_lowbits,154,390277
uniform,fib32_lowbits,155,390072
uniform,fib32_lowbits,156,390513
uniform,fib32_lowbits,157,391282
uniform,fib32_lowbits,158,391958
uniform,fib32_lowbits,159,389664
uniform,fib32_lowbits,160,390159
uniform,fib32_lowbits,161,389228
uniform,fib32_lowbits,162,390417
uniform,fib32_lowbits,163,391567
uniform,fib32_lowbits,164,390615
uniform,fib32_lowbits,165,390914
uniform,fib32_lowbits,166,391179
uniform,fib32_lowbits,167,391033
uniform,fib32_lowbits,168,391468
uniform,fib32_lowbits,169,389861
uniform,fib32_lowbits,170,390265
uniform,fib32_lowbits,171,390570
uniform,fib32_lowbits,172,391301
uniform,fib32_lowbits,173,390267
uniform,fib32_lowbits,174,390585
uniform,fib32_lowbits,175,391517
uniform,fib32_lowbits,176,390802
uniform,fib32_lowbits,177,391174
uniform,fib32_lowbits,178,389894
uniform,fib32_lowbits,179,392619
uniform,fib32_lowbits,180,390928
uniform,fib32_lowbits,181,390722
uniform,fib32_lowbits,182,390424
uniform,fib32_lowbits,183,390716
uniform,fib32_lowbits,184,391256
uniform,fib32_lowbits,185,391012
uniform,fib32_lowbits,186,391268
uniform,fib32_lowbits,187,391283
uniform,fib32_lowbits,188,390415
uniform,fib32_lowbits,189,389867
uniform,fib32_lowbits,190,390286
uniform,fib32_lowbits,191,391356
uniform,fib32_lowbits,192,390464
uniform,fib32_lowbits,193,391301
uniform,fib32_lowbits,194,390689
uniform,fib32_lowbits,195,390337
uniform,fib32_lowbits,196,390236
uniform,fib32_lowbits,197,391198
uniform,fib32_lowbits,198,390254
uniform,fib32_lowbits,199,392231
uniform,fib32_lowbits,200,389896
uniform,fib32_lowbits,201,391726
uniform,fib32_lowbits,202,390260
uniform,fib32_lowbits,203,390231
uniform,fib32_lowbits,204,390183
uniform,fib32_lowbits,205,391174
uniform,fib32_lowbits,206,391389
uniform,fib32_lowbits,207,391211
uniform,fib32_lowbits,208,390738
uniform,fib32_lowbits,209,390531
uniform,fib32_lowbits,210,389874
uniform,fib32_lowbits,211,388955
uniform,fib32_lowbits,212,391559
uniform,fib32_lowbits,213,389879
uniform,fib32_lowbits,214,392237
uniform,fib32_lowbits,215,390681
uniform,fib32_lowbits,216,390146
uniform,fib32_lowbits,217,390875
uniform,fib32_lowbits,218,391175
uniform,fib32_lowbits,219,390108
uniform,fib32_lowbits,220,390740
uniform,fib32_lowbits,221,390543
uniform,fib32_lowbits,222,390674
uniform,fib32_lowbits,223,390916
uniform,fib32_lowbits,224,389810
uniform,fib32_lowbits,225,389625
uniform,fib32_lowbits,226,390887
uniform,fib32_lowbits,227,390292
uniform,fib32_lowbits,228,390453
uniform,fib32_lowbits,229,391214
uniform,fib32_lowbits,230,391010
uniform,fib32_lowbits,231,390401
uniform,fib32_lowbits,232,390511
uniform,fib32_lowbits,233,391037
uniform,fib32_lowbits,234,389871
uniform,fib32_lowbits,235,390552
uniform,fib32_lowbits,236,390816
uniform,fib32_lowbits,237,389809
uniform,fib32_lowbits,238,389740
uniform,fib32_lowbits,239,389825
uniform,fib32_lowbits,240,390908
uniform,fib32_lowbits,241,389312
uniform,fib32_lowbits,242,389348
uniform,fib32_lowbits,243,391918
uniform,fib32_lowbits,244,389882
uniform,fib32_lowbits,245,390466
uniform,fib32_lowbits,246,389966
uniform,fib32_lowbits,247,390966
uniform,fib32_lowbits,248,391212
uniform,fib32_lowbits,249,391357
uniform,fib32_lowbits,250,390846
uniform,fib32_lowbits,251,390665
uniform,fib32_lowbits,252,390883
uniform,fib32_lowbits,253,389778
uniform,fib32_lowbits,254,390211
uniform,fib32_lowbits,255,391059
uniform,mod,0,390168
uniform,mod,1,391526
uniform,mod,2,389815
uniform,mod,3,390643
uniform,mod,4,391181
uniform,mod,5,389796
uniform,mod,6,390615
uniform,mod,7,390461
uniform,mod,8,390536
uniform,mod,9,391447
uniform,mod,10,390911
uniform,mod,11,388754
uniform,mod,12,390591
uniform,mod,13,390704
uniform,mod,14,391162
uniform,mod,15,390099
uniform,mod,16,389735
uniform,mod,17,390121
uniform,mod,18,389571
uniform,mod,19,390327
uniform,mod,20,391203
uniform,mod,21,391733
uniform,mod,22,390261
uniform,mod,23,390693
uniform,mod,24,390594
uniform,mod,25,390455
uniform,mod,26,391525
uniform,mod,27,391860
uniform,mod,28,390095
uniform,mod,29,389635
uniform,mod,30,390893
uniform,mod,31,390800
uniform,mod,32,390472
uniform,mod,33,390974
uniform,mod,34,390969
uniform,mod,35,390304
uniform,mod,36,389982
uniform,mod,37,390984
uniform,mod,38,390996
uniform,mod,39,389678
uniform,mod,40,390493
uniform,mod,41,391060
uniform,mod,42,390710
uniform,mod,43,390329
uniform,mod,44,389989
uniform,mod,45,391134
uniform,mod,46,390879
uniform,mod,47,390887
uniform,mod,48,390353
uniform,mod,49,389932
uniform,mod,50,391105
uniform,mod,51,391122
uniform,mod,52,391153
uniform,mod,53,390786
uniform,mod,54,390442
uniform,mod,55,390672
uniform,mod,56,390448
uniform,mod,57,390260
uniform,mod,58,391900
uniform,mod,59,390237
uniform,mod,60,389950
uniform,mod,61,391580
uniform,mod,62,391292
uniform,mod,63,390787
uniform,mod,64,390362
uniform,mod,65,389928
uniform,mod,66,389906
uniform,mod,67,390266
uniform,mod,68,391347
uniform,mod,69,390156
uniform,mod,70,391929
uniform,mod,71,390036
uniform,mod,72,390953
uniform,mod,73,391514
uniform,mod,74,390670
uniform,mod,75,390716
uniform,mod,76,392368
uniform,mod,77,391495
uniform,mod,78,390221
uniform,mod,79,389993
uniform,mod,80,390335
uniform,mod,81,390279
uniform,mod,82,390797
uniform,mod,83,391127
uniform,mod,84,390694
uniform,mod,85,391472
uniform,mod,86,390923
uniform,mod,87,390300
uniform,mod,88,389137
uniform,mod,89,389791
uniform,mod,90,390240
uniform,mod,91,390178
uniform,mod,92,391730
uniform,mod,93,391597
uniform,mod,94,391477
uniform,mod,95,389760
uniform,mod,96,389754
uniform,mod,97,389970
uniform,mod,98,390862
uniform,mod,99,390376
uniform,mod,100,389913
uniform,mod,101,390853
uniform,mod,102,390380
uniform,mod,103,390796
uniform,mod,104,391670
uniform,mod,105,390269
uniform,mod,106,390321
uniform,mod,107,389538
uniform,mod,108,390206
uniform,mod,109,391145
uniform,mod,110,391163
uniform,mod,111,390333
uniform,mod,112,390970
uniform,mod,113,390276
uniform,mod,114,390178
uniform,mod,115,392240
uniform,mod,116,390381
uniform,mod,117,389810
uniform,mod,118,390634
uniform,mod,119,390889
uniform,mod,120,390704
uniform,mod,121,391057
uniform,mod,122,390670
uniform,mod,123,390034
uniform,mod,124,391218
uniform,mod,125,390448
uniform,mod,126,391359
uniform,mod,127,389970
uniform,mod,128,389736
uniform,mod,129,390953
uniform,mod,130,391584
uniform,mod,131,391145
uniform,mod,132,389997
uniform,mod,133,390646
uniform,mod,134,389611
uniform,mod,135,390549
uniform,mod,136,391113
uniform,mod,137,391308
uniform,mod,138,391929
uniform,mod,139,391358
uniform,mod,140,390385
uniform,mod,141,391250
uniform,mod,142,390551
uniform,mod,143,391220
uniform,mod,144,390541
uniform,mod,145,390868
uniform,mod,146,389441
uniform,mod,147,390116
uniform,mod,148,390283
uniform,mod,149,390435
uniform,mod,150,391103
uniform,mod,151,389977
uniform,mod,152,389695
uniform,mod,153,390732
uniform,mod,154,390696
uniform,mod,155,391644
uniform,mod,156,391062
uniform,mod,157,389859
uniform,mod,158,390159
uniform,mod,159,391463
uniform,mod,160,389209
uniform,mod,161,389469
uniform,mod,162,390782
uniform,mod,163,389618
uniform,mod,164,390616
uniform,mod,165,389841
uniform,mod,166,391340
uniform,mod,167,391136
uniform,mod,168,390206
uniform,mod,169,390392
uniform,mod,170,390325
uniform,mod,171,390634
uniform,mod,172,391602
uniform,mod,173,390894
uniform,mod,174,391298
uniform,mod,175,391008
uniform,mod,176,390079
uniform,mod,177,390747
uniform,mod,178,390112
uniform,mod,179,391111
uniform,mod,180,391296
uniform,mod,181,390425
uniform,mod,182,391541
uniform,mod,183,389714
uniform,mod,184,390889
uniform,mod,185,390939
uniform,mod,186,390465
uniform,mod,187,390727
uniform,mod,188,389303
uniform,mod,189,390067
uniform,mod,190,391154
uniform,mod,191,391708
uniform,mod,192,390640
uniform,mod,193,391002
uniform,mod,194,391891
uniform,mod,195,390707
uniform,mod,196,390765
uniform,mod,197,391057
uniform,mod,198,389573
uniform,mod,199,389962
uniform,mod,200,390845
uniform,mod,201,390096
uniform,mod,202,390448
uniform,mod,203,391133
uniform,mod,204,390966
uniform,mod,205,390646
uniform,mod,206,391511
uniform,mod,207,390790
uniform,mod,208,389731
uniform,mod,209,392092
uniform,mod,210,390624
uniform,mod,211,390572
uniform,mod,212,390287
uniform,mod,213,389603
uniform,mod,214,391438
uniform,mod,215,391465
uniform,mod,216,390582
uniform,mod,217,390004
uniform,mod,218,391225
uniform,mod,219,391326
uniform,mod,220,390136
uniform,mod,221,389817
uniform,mod,222,390490
uniform,mod,223,390172
uniform,mod,224,392068
uniform,mod,225,391679
uniform,mod,226,391150
uniform,mod,227,391567
uniform,mod,228,390059
uniform,mod,229,390324
uniform,mod,230,390489
uniform,mod,231,389508
uniform,mod,232,392153
uniform,mod,233,390552
uniform,mod,234,390199
uniform,mod,235,390800
uniform,mod,236,390470
uniform,mod,237,390269
uniform,mod,238,390715
uniform,mod,239,390251
uniform,mod,240,389465
uniform,mod,241,389910
uniform,mod,242,390491
uniform,mod,243,389292
uniform,mod,244,389669
uniform,mod,245,390945
uniform,mod,246,389238
uniform,mod,247,390905
uniform,mod,248,390298
uniform,mod,249,390853
uniform,mod,250,390907
uniform,mod,251,390333
uniform,mod,252,392078
uniform,mod,253,389817
uniform,mod,254,390063
uniform,mod,255,391978
uniform,fib64,0,390645
uniform,fib64,1,391050
uniform,fib64,2,391220
uniform,fib64,3,389857
uniform,fib64,4,391193
uniform,fib64,5,391325
uniform,fib64,6,389087
uniform,fib64,7,390567
uniform,fib64,8,389527
uniform,fib64,9,390560
uniform,fib64,10,391689
uniform,fib64,11,390798
uniform,fib64,12,390500
uniform,fib64,13,390216
uniform,fib64,14,390036
uniform,fib64,15,391675
uniform,fib64,16,390690
uniform,fib64,17,391018
uniform,fib64,18,390949
uniform,fib64,19,390909
uniform,fib64,20,390502
uniform,fib64,21,390479
uniform,fib64,22,389688
uniform,fib64,23,390374
uniform,fib64,24,390991
uniform,fib64,25,391944
uniform,fib64,26,389973
uniform,fib64,27,390782
uniform,fib64,28,390288
uniform,fib64,29,390475
uniform,fib64,30,390810
uniform,fib64,31,390915
uniform,fib64,32,390390
uniform,fib64,33,390672
uniform,fib64,34,390823
uniform,fib64,35,390577
uniform,fib64,36,390876
uniform,fib64,37,390774
uniform,fib64,38,391489
uniform,fib64,39,390644
uniform,fib64,40,390820
uniform,fib64,41,391332
uniform,fib64,42,390371
uniform,fib64,43,390181
uniform,fib64,44,390814
uniform,fib64,45,390392
uniform,fib64,46,390800
uniform,fib64,47,391217
uniform,fib64,48,389479
uniform,fib64,49,390252
uniform,fib64,50,390905
uniform,fib64,51,390632
uniform,fib64,52,390515
uniform,fib64,53,390628
uniform,fib64,54,389420
uniform,fib64,55,389916
uniform,fib64,56,390360
uniform,fib64,57,390363
uniform,fib64,58,390416
uniform,fib64,59,391481
uniform,fib64,60,389957
uniform,fib64,61,391273
uniform,fib64,62,390185
uniform,fib64,63,390735
uniform,fib64,64,391149
uniform,fib64,65,390822
uniform,fib64,66,390852
uniform,fib64,67,391145
uniform,fib64,68,392021
uniform,fib64,69,391636
uniform,fib64,70,390839
uniform,fib64,71,390108
uniform,fib64,72,390833
uniform,fib64,73,391207
uniform,fib64,74,392147
uniform,fib64,75,391290
uniform,fib64,76,389729
uniform,fib64,77,389843
uniform,fib64,78,390317
uniform,fib64,79,390887
uniform,fib64,80,390280
uniform,fib64,81,390024
uniform,fib64,82,390088
uniform,fib64,83,390727
uniform,fib64,84,390949
uniform,fib64,85,390832
uniform,fib64,86,390855
uniform,fib64,87,390492
uniform,fib64,88,392015
uniform,fib64,89,391044
uniform,fib64,90,390285
uniform,fib64,91,390352
uniform,fib64,92,390078
uniform,fib64,93,390344
uniform,fib64,94,390174
uniform,fib64,95,390861
uniform,fib64,96,391932
uniform,fib64,97,389956
uniform,fib64,98,391623
uniform,fib64,99,390812
uniform,fib64,100,390353
uniform,fib64,101,391005
uniform,fib64,102,392136
uniform,fib64,103,390597
uniform,fib64,104,391144
uniform,fib64,105,389500
uniform,fib64,106,389884
uniform,fib64,107,390631
uniform,fib64,108,389954
uniform,fib64,109,389810
uniform,fib64,110,390743
uniform,fib64,111,389583
uniform,fib64,112,390180
uniform,fib64,113,390915
uniform,fib64,114,389707
uniform,fib64,115,391849
uniform,fib64,116,389379
uniform,fib64,117,390805
uniform,fib64,118,390941
uniform,fib64,119,389559
uniform,fib64,120,390455
uniform,fib64,121,391123
uniform,fib64,122,389856
uniform,fib64,123,390113
uniform,fib64,124,391157
uniform,fib64,125,389882
uniform,fib64,126,390259
uniform,fib64,127,391421
uniform,fib64,128,391554
uniform,fib64,129,390616
uniform,fib64,130,390751
uniform,fib64,131,389689
uniform,fib64,132,390076
uniform,fib64,133,390288
uniform,fib64,134,391330
uniform,fib64,135,390093
uniform,fib64,136,389816
uniform,fib64,137,391414
uniform,fib64,138,391259
uniform,fib64,139,390824
uniform,fib64,140,390656
uniform,fib64,141,391129
uniform,fib64,142,391151
uniform,fib64,143,391610
uniform,fib64,144,390421
uniform,fib64,145,390548
uniform,fib64,146,390898
uniform,fib64,147,391036
uniform,fib64,148,391691
uniform,fib64,149,391305
uniform,fib64,150,390249
uniform,fib64,151,391140
uniform,fib64,152,389821
uniform,fib64,153,391023
uniform,fib64,154,392167
uniform,fib64,155,389911
uniform,fib64,156,390154
uniform,fib64,157,391260
uniform,fib64,158,390177
uniform,fib64,159,390374
uniform,fib64,160,390527
uniform,fib64,161,390203
uniform,fib64,162,389902
uniform,fib64,163,390417
uniform,fib64,164,391088
uniform,fib64,165,389999
uniform,fib64,166,389959
uniform,fib64,167,389772
uniform,fib64,168,390319
uniform,fib64,169,390639
uniform,fib64,170,389557
uniform,fib64,171,389812
uniform,fib64,172,390508
uniform,fib64,173,389903
uniform,fib64,174,390691
uniform,fib64,175,390699
uniform,fib64,176,391162
uniform,fib64,177,391575
uniform,fib64,178,390891
uniform,fib64,179,390382
uniform,fib64,180,389374
uniform,fib64,181,390345
uniform,fib64,182,389881
uniform,fib64,183,391317
uniform,fib64,184,389199
uniform,fib64,185,391155
uniform,fib64,186,390454
uniform,fib64,187,390842
uniform,fib64,188,390959
uniform,fib64,189,390301
uniform,fib64,190,390293
uniform,fib64,191,390897
uniform,fib64,192,390659
uniform,fib64,193,390954
uniform,fib64,194,390419
uniform,fib64,195,391599
uniform,fib64,196,390530
uniform,fib64,197,389690
uniform,fib64,198,390851
uniform,fib64,199,390780
uniform,fib64,200,390753
uniform,fib64,201,391589
uniform,fib64,202,391221
uniform,fib64,203,389998
uniform,fib64,204,391214
uniform,fib64,205,390886
uniform,fib64,206,390081
uniform,fib64,207,390313
uniform,fib64,208,391099
uniform,fib64,209,391578
uniform,fib64,210,390709
uniform,fib64,211,390216
uniform,fib64,212,389102
uniform,fib64,213,389934
uniform,fib64,214,390005
uniform,fib64,215,390075
uniform,fib64,216,391108
uniform,fib64,217,390958
uniform,fib64,218,390687
uniform,fib64,219,391696
uniform,fib64,220,390032
uniform,fib64,221,390628
uniform,fib64,222,390274
uniform,fib64,223,389447
uniform,fib64,224,390485
uniform,fib64,225,390609
uniform,fib64,226,391472
uniform,fib64,227,390146
uniform,fib64,228,391416
uniform,fib64,229,391898
uniform,fib64,230,391154
uniform,fib64,231,391277
uniform,fib64,232,390391
uniform,fib64,233,389337
uniform,fib64,234,392117
uniform,fib64,235,389370
uniform,fib64,236,391173
uniform,fib64,237,389776
uniform,fib64,238,390107
uniform,fib64,239,390591
uniform,fib64,240,390265
uniform,fib64,241,390379
uniform,fib64,242,391390
uniform,fib64,243,390940
uniform,fib64,244,390173
uniform,fib64,245,389754
uniform,fib64,246,390839
uniform,fib64,247,390848
uniform,fib64,248,391118
uniform,fib64,249,391415
uniform,fib64,250,390478
uniform,fib64,251,390635
uniform,fib64,252,390698
uniform,fib64,253,390785
uniform,fib64,254,390609
uniform,fib64,255,390907
uniform,mult32_nofold,0,389633
uniform,mult32_nofold,1,391075
uniform,mult32_nofold,2,390343
uniform,mult32_nofold,3,390727
uniform,mult32_nofold,4,390691
uniform,mult32_nofold,5,390902
uniform,mult32_nofold,6,389507
uniform,mult32_nofold,7,391240
uniform,mult32_nofold,8,390210
uniform,mult32_nofold,9,390734
uniform,mult32_nofold,10,389380
uniform,mult32_nofold,11,391533
uniform,mult32_nofold,12,392059
uniform,mult32_nofold,13,390842
uniform,mult32_nofold,14,390713
uniform,mult32_nofold,15,390766
uniform,mult32_nofold,16,390995
uniform,mult32_nofold,17,390853
uniform,mult32_nofold,18,392015
uniform,mult32_nofold,19,391538
uniform,mult32_nofold,20,390168
uniform,mult32_nofold,21,390276
uniform,mult32_nofold,22,390071
uniform,mult32_nofold,23,389984
uniform,mult32_nofold,24,390428
uniform,mult32_nofold,25,391409
uniform,mult32_nofold,26,391450
uniform,mult32_nofold,27,389800
uniform,mult32_nofold,28,390541
uniform,mult32_nofold,29,389312
uniform,mult32_nofold,30,390902
uniform,mult32_nofold,31,392045
uniform,mult32_nofold,32,390872
uniform,mult32_nofold,33,391700
uniform,mult32_nofold,34,390293
uniform,mult32_nofold,35,389619
uniform,mult32_nofold,36,390495
uniform,mult32_nofold,37,390649
uniform,mult32_nofold,38,390295
uniform,mult32_nofold,39,391348
uniform,mult32_nofold,40,390801
uniform,mult32_nofold,41,390014
uniform,mult32_nofold,42,389813
uniform,mult32_nofold,43,391069
uniform,mult32_nofold,44,390747
uniform,mult32_nofold,45,390295
uniform,mult32_nofold,46,390715
uniform,mult32_nofold,47,391046
uniform,mult32_nofold,48,390166
uniform,mult32_nofold,49,390820
uniform,mult32_nofold,50,391315
uniform,mult32_nofold,51,390289
uniform,mult32_nofold,52,390566
uniform,mult32_nofold,53,391794
uniform,mult32_nofold,54,390833
uniform,mult32_nofold,55,389166
uniform,mult32_nofold,56,390611
uniform,mult32_nofold,57,390641
uniform,mult32_nofold,58,391318
uniform,mult32_nofold,59,392320
uniform,mult32_nofold,60,391148
uniform,mult32_nofold,61,390498
uniform,mult32_nofold,62,391916
uniform,mult32_nofold,63,391624
uniform,mult32_nofold,64,389863
uniform,mult32_nofold,65,389851
uniform,mult32_nofold,66,391795
uniform,mult32_nofold,67,390535
uniform,mult32_nofold,68,391066
uniform,mult32_nofold,69,389959
uniform,mult32_nofold,70,390226
uniform,mult32_nofold,71,390795
uniform,mult32_nofold,72,390301
uniform,mult32_nofold,73,391615
uniform,mult32_nofold,74,391283
uniform,mult32_nofold,75,390409
uniform,mult32_nofold,76,391004
uniform,mult32_nofold,77,391124
uniform,mult32_nofold,78,388557
uniform,mult32_nofold,79,389974
uniform,mult32_nofold,80,389115
uniform,mult32_nofold,81,391018
uniform,mult32_nofold,82,391122
uniform,mult32_nofold,83,390275
uniform,mult32_nofold,84,389655
uniform,mult32_nofold,85,391022
uniform,mult32_nofold,86,390815
uniform,mult32_nofold,87,390724
uniform,mult32_nofold,88,390985
uniform,mult32_nofold,89,390087
uniform,mult32_nofold,90,391679
uniform,mult32_nofold,91,390232
uniform,mult32_nofold,92,390141
uniform,mult32_nofold,93,390823
uniform,mult32_nofold,94,389269
uniform,mult32_nofold,95,391382
uniform,mult32_nofold,96,390588
uniform,mult32_nofold,97,390941
uniform,mult32_nofold,98,390634
uniform,mult32_nofold,99,391466
uniform,mult32_nofold,100,391388
uniform,mult32_nofold,101,390576
uniform,mult32_nofold,102,391123
uniform,mult32_nofold,103,389423
uniform,mult32_nofold,104,390214
uniform,mult32_nofold,105,391073
uniform,mult32_nofold,106,391135
uniform,mult32_nofold,107,390677
uniform,mult32_nofold,108,390467
uniform,mult32_nofold,109,390322
uniform,mult32_nofold,110,390364
uniform,mult32_nofold,111,390344
uniform,mult32_nofold,112,390489
uniform,mult32_nofold,113,389529
uniform,mult32_nofold,114,391284
uniform,mult32_nofold,115,390287
uniform,mult32_nofold,116,391416
uniform,mult32_nofold,117,390735
uniform,mult32_nofold,118,389197
uniform,mult32_nofold,119,390141
uniform,mult32_nofold,120,391504
uniform,mult32_nofold,121,391178
uniform,mult32_nofold,122,389282
uniform,mult32_nofold,123,390958
uniform,mult32_nofold,124,390163
uniform,mult32_nofold,125,391251
uniform,mult32_nofold,126,390922
uniform,mult32_nofold,127,389945
uniform,mult32_nofold,128,390677
uniform,mult32_nofold,129,390120
uniform,mult32_nofold,130,391727
uniform,mult32_nofold,131,390997
uniform,mult32_nofold,132,391641
uniform,mult32_nofold,133,390376
uniform,mult32_nofold,134,391377
uniform,mult32_nofold,135,391413
uniform,mult32_nofold,136,390120
uniform,mult32_nofold,137,390830
uniform,mult32_nofold,138,390324
uniform,mult32_nofold,139,390658
uniform,mult32_nofold,140,390732
uniform,mult32_nofold,141,388793
uniform,mult32_nofold,142,390881
uniform,mult32_nofold,143,390719
uniform,mult32_nofold,144,391163
uniform,mult32_nofold,145,390322
uniform,mult32_nofold,146,391345
uniform,mult32_nofold,147,391407
uniform,mult32_nofold,148,390522
uniform,mult32_nofold,149,389459
uniform,mult32_nofold,150,389858
uniform,mult32_nofold,151,390988
uniform,mult32_nofold,152,390238
uniform,mult32_nofold,153,389445
uniform,mult32_nofold,154,391108
uniform,mult32_nofold,155,391132
uniform,mult32_nofold,156,391938
uniform,mult32_nofold,157,391042
uniform,mult32_nofold,158,390371
uniform,mult32_nofold,159,391120
uniform,mult32_nofold,160,390872
uniform,mult32_nofold,161,390022
uniform,mult32_nofold,162,391456
uniform,mult32_nofold,163,391300
uniform,mult32_nofold,164,389976
uniform,mult32_nofold,165,390040
uniform,mult32_nofold,166,390007
uniform,mult32_nofold,167,390636
uniform,mult32_nofold,168,389686
uniform,mult32_nofold,169,390261
uniform,mult32_nofold,170,391112
uniform,mult32_nofold,171,390745
uniform,mult32_nofold,172,390412
uniform,mult32_nofold,173,389089
uniform,mult32_nofold,174,391092
uniform,mult32_nofold,175,391256
uniform,mult32_nofold,176,391403
uniform,mult32_nofold,177,391164
uniform,mult32_nofold,178,389722
uniform,mult32_nofold,179,390482
uniform,mult32_nofold,180,390814
uniform,mult32_nofold,181,390404
uniform,mult32_nofold,182,390232
uniform,mult32_nofold,183,390548
uniform,mult32_nofold,184,390472
uniform,mult32_nofold,185,390796
uniform,mult32_nofold,186,389957
uniform,mult32_nofold,187,390706
uniform,mult32_nofold,188,391190
uniform,mult32_nofold,189,390866
uniform,mult32_nofold,190,390595
uniform,mult32_nofold,191,390563
uniform,mult32_nofold,192,391702
uniform,mult32_nofold,193,390143
uniform,mult32_nofold,194,390992
uniform,mult32_nofold,195,390531
uniform,mult32_nofold,196,389973
uniform,mult32_nofold,197,391148
uniform,mult32_nofold,198,391277
uniform,mult32_nofold,199,390240
uniform,mult32_nofold,200,389419
uniform,mult32_nofold,201,390954
uniform,mult32_nofold,202,391056
uniform,mult32_nofold,203,390943
uniform,mult32_nofold,204,390765
uniform,mult32_nofold,205,390756
uniform,mult32_nofold,206,390984
uniform,mult32_nofold,207,390853
uniform,mult32_nofold,208,390037
uniform,mult32_nofold,209,389741
uniform,mult32_nofold,210,391310
uniform,mult32_nofold,211,391194
uniform,mult32_nofold,212,391588
uniform,mult32_nofold,213,390139
uniform,mult32_nofold,214,390498
uniform,mult32_nofold,215,390662
uniform,mult32_nofold,216,390394
uniform,mult32_nofold,217,390526
uniform,mult32_nofold,218,390419
uniform,mult32_nofold,219,388800
uniform,mult32_nofold,220,390169
uniform,mult32_nofold,221,390379
uniform,mult32_nofold,222,391070
uniform,mult32_nofold,223,390841
uniform,mult32_nofold,224,390656
uniform,mult32_nofold,225,390582
uniform,mult32_nofold,226,390049
uniform,mult32_nofold,227,390532
uniform,mult32_nofold,228,391476
uniform,mult32_nofold,229,389292
uniform,mult32_nofold,230,390868
uniform,mult32_nofold,231,390338
uniform,mult32_nofold,232,389474
uniform,mult32_nofold,233,390135
uniform,mult32_nofold,234,390247
uniform,mult32_nofold,235,390155
uniform,mult32_nofold,236,389572
uniform,mult32_nofold,237,391963
uniform,mult32_nofold,238,390025
uniform,mult32_nofold,239,390033
uniform,mult32_nofold,240,390612
uniform,mult32_nofold,241,390627
uniform,mult32_nofold,242,390482
uniform,mult32_nofold,243,390798
uniform,mult32_nofold,244,390698
uniform,mult32_nofold,245,390868
uniform,mult32_nofold,246,390745
uniform,mult32_nofold,247,390650
uniform,mult32_nofold,248,390819
uniform,mult32_nofold,249,390437
uniform,mult32_nofold,250,391020
uniform,mult32_nofold,251,391531
uniform,mult32_nofold,252,390978
uniform,mult32_nofold,253,390060
uniform,mult32_nofold,254,390332
uniform,mult32_nofold,255,391069
sequential,fib32,0,390628
sequential,fib32,1,390622
sequential,fib32,2,390629
sequential,fib32,3,390622
sequential,fib32,4,390628
sequential,fib32,5,390621
sequential,fib32,6,390630
sequential,fib32,7,390621
sequential,fib32,8,390629
sequential,fib32,9,390622
sequential,fib32,10,390629
sequential,fib32,11,390620
sequential,fib32,12,390628
sequential,fib32,13,390624
sequential,fib32,14,390626
sequential,fib32,15,390623
sequential,fib32,16,390627
sequential,fib32,17,390624
sequential,fib32,18,390625
sequential,fib32,19,390624
sequential,fib32,20,390625
sequential,fib32,21,390625
sequential,fib32,22,390623
sequential,fib32,23,390628
sequential,fib32,24,390623
sequential,fib32,25,390627
sequential,fib32,26,390622
sequential,fib32,27,390630
sequential,fib32,28,390620
sequential,fib32,29,390629
sequential,fib32,30,390622
sequential,fib32,31,390630
sequential,fib32,32,390620
sequential,fib32,33,390628
sequential,fib32,34,390622
sequential,fib32,35,390629
sequential,fib32,36,390621
sequential,fib32,37,390628
sequential,fib32,38,390622
sequential,fib32,39,390628
sequential,fib32,40,390623
sequential,fib32,41,390627
sequential,fib32,42,390623
sequential,fib32,43,390625
sequential,fib32,44,390626
sequential,fib32,45,390624
sequential,fib32,46,390626
sequential,fib32,47,390623
sequential,fib32,48,390627
sequential,fib32,49,390622
sequential,fib32,50,390628
sequential,fib32,51,390621
sequential,fib32,52,390629
sequential,fib32,53,390621
sequential,fib32,54,390630
sequential,fib32,55,390622
sequential,fib32,56,390629
sequential,fib32,57,390620
sequential,fib32,58,390630
sequential,fib32,59,390621
sequential,fib32,60,390630
sequential,fib32,61,390622
sequential,fib32,62,390628
sequential,fib32,63,390622
sequential,fib32,64,390626
sequential,fib32,65,390624
sequential,fib32,66,390625
sequential,fib32,67,390623
sequential,fib32,68,390626
sequential,fib32,69,390626
sequential,fib32,70,390625
sequential,fib32,71,390625
sequential,fib32,72,390624
sequential,fib32,73,390628
sequential,fib32,74,390621
sequential,fib32,75,390628
sequential,fib32,76,390622
sequential,fib32,77,390628
sequential,fib32,78,390621
sequential,fib32,79,390630
sequential,fib32,80,390620
sequential,fib32,81,390629
sequential,fib32,82,390622
sequential,fib32,83,390629
sequential,fib32,84,390622
sequential,fib32,85,390627
sequential,fib32,86,390624
sequential,fib32,87,390629
sequential,fib32,88,390620
sequential,fib32,89,390628
sequential,fib32,90,390623
sequential,fib32,91,390626
sequential,fib32,92,390623
sequential,fib32,93,390626
sequential,fib32,94,390625
sequential,fib32,95,390624
sequential,fib32,96,390625
sequential,fib32,97,390624
sequential,fib32,98,390626
sequential,fib32,99,390622
sequential,fib32,100,390629
sequential,fib32,101,390622
sequential,fib32,102,390629
sequential,fib32,103,390622
sequential,fib32,104,390629
sequential,fib32,105,390622
sequential,fib32,106,390627
sequential,fib32,107,390623
sequential,fib32,108,390628
sequential,fib32,109,390621
sequential,fib32,110,390628
sequential,fib32,111,390622
sequential,fib32,112,390628
sequential,fib32,113,390621
sequential,fib32,114,390628
sequential,fib32,115,390624
sequential,fib32,116,390627
sequential,fib32,117,390622
sequential,fib32,118,390627
sequential,fib32,119,390625
sequential,fib32,120,390625
sequential,fib32,121,390625
sequential,fib32,122,390624
sequential,fib32,123,390626
sequential,fib32,124,390623
sequential,fib32,125,390627
sequential,fib32,126,390622
sequential,fib32,127,390627
sequential,fib32,128,390623
sequential,fib32,129,390629
sequential,fib32,130,390621
sequential,fib32,131,390629
sequential,fib32,132,390622
sequential,fib32,133,390628
sequential,fib32,134,390622
sequential,fib32,135,390627
sequential,fib32,136,390623
sequential,fib32,137,390629
sequential,fib32,138,390621
sequential,fib32,139,390629
sequential,fib32,140,390620
sequential,fib32,141,390628
sequential,fib32,142,390623
sequential,fib32,143,390627
sequential,fib32,144,390624
sequential,fib32,145,390626
sequential,fib32,146,390624
sequential,fib32,147,390625
sequential,fib32,148,390625
sequential,fib32,149,390624
sequential,fib32,150,390627
sequential,fib32,151,390622
sequential,fib32,152,390629
sequential,fib32,153,390622
sequential,fib32,154,390627
sequential,fib32,155,390621
sequential,fib32,156,390628
sequential,fib32,157,390623
sequential,fib32,158,390630
sequential,fib32,159,390620
sequential,fib32,160,390631
sequential,fib32,161,390620
sequential,fib32,162,390630
sequential,fib32,163,390620
sequential,fib32,164,390630
sequential,fib32,165,390621
sequential,fib32,166,390628
sequential,fib32,167,390623
sequential,fib32,168,390627
sequential,fib32,169,390621
sequential,fib32,170,390627
sequential,fib32,171,390625
sequential,fib32,172,390623
sequential,fib32,173,390627
sequential,fib32,174,390624
sequential,fib32,175,390627
sequential,fib32,176,390622
sequential,fib32,177,390628
sequential,fib32,178,390622
sequential,fib32,179,390629
sequential,fib32,180,390620
sequential,fib32,181,390631
sequential,fib32,182,390620
sequential,fib32,183,390628
sequential,fib32,184,390621
sequential,fib32,185,390630
sequential,fib32,186,390621
sequential,fib32,187,390627
sequential,fib32,188,390622
sequential,fib32,189,390630
sequential,fib32,190,390621
sequential,fib32,191,390629
sequential,fib32,192,390622
sequential,fib32,193,390627
sequential,fib32,194,390624
sequential,fib32,195,390625
sequential,fib32,196,390625
sequential,fib32,197,390624
sequential,fib32,198,390626
sequential,fib32,199,390624
sequential,fib32,200,390627
sequential,fib32,201,390621
sequential,fib32,202,390628
sequential,fib32,203,390622
sequential,fib32,204,390628
sequential,fib32,205,390622
sequential,fib32,206,390629
sequential,fib32,207,390622
sequential,fib32,208,390628
sequential,fib32,209,390622
sequential,fib32,210,390629
sequential,fib32,211,390620
sequential,fib32,212,390629
sequential,fib32,213,390622
sequential,fib32,214,390629
sequential,fib32,215,390621
sequential,fib32,216,390628
sequential,fib32,217,390622
sequential,fib32,218,390627
sequential,fib32,219,390624
sequential,fib32,220,390626
sequential,fib32,221,390624
sequential,fib32,222,390625
sequential,fib32,223,390627
sequential,fib32,224,390623
sequential,fib32,225,390626
sequential,fib32,226,390623
sequential,fib32,227,390627
sequential,fib32,228,390623
sequential,fib32,229,390627
sequential,fib32,230,390622
sequential,fib32,231,390628
sequential,fib32,232,390620
sequential,fib32,233,390629
sequential,fib32,234,390622
sequential,fib32,235,390629
sequential,fib32,236,390622
sequential,fib32,237,390629
sequential,fib32,238,390621
sequential,fib32,239,390630
sequential,fib32,240,390622
sequential,fib32,241,390629
sequential,fib32,242,390621
sequential,fib32,243,390627
sequential,fib32,244,390623
sequential,fib32,245,390626
sequential,fib32,246,390623
sequential,fib32,247,390625
sequential,fib32,248,390626
sequential,fib32,249,390624
sequential,fib32,250,390626
sequential,fib32,251,390624
sequential,fib32,252,390626
sequential,fib32,253,390622
sequential,fib32,254,390628
sequential,fib32,255,390623
sequential,fib32_lowbits,0,390625
sequential,fib32_lowbits,1,390625
sequential,fib32_lowbits,2,390625
sequential,fib32_lowbits,3,390625
sequential,fib32_lowbits,4,390625
sequential,fib32_lowbits,5,390625
sequential,fib32_lowbits,6,390625
sequential,fib32_lowbits,7,390625
sequential,fib32_lowbits,8,390625
sequential,fib32_lowbits,9,390625
sequential,fib32_lowbits,10,390625
sequential,fib32_lowbits,11,390625
sequential,fib32_lowbits,12,390625
sequential,fib32_lowbits,13,390625
sequential,fib32_lowbits,14,390625
sequential,fib32_lowbits,15,390625
sequential,fib32_lowbits,16,390625
sequential,fib32_lowbits,17,390625
sequential,fib32_lowbits,18,390625
sequential,fib32_lowbits,19,390625
sequential,fib32_lowbits,20,390625
sequential,fib32_lowbits,21,390625
sequential,fib32_lowbits,22,390625
sequential,fib32_lowbits,23,390625
sequential,fib32_lowbits,24,390625
sequential,fib32_lowbits,25,390625
sequential,fib32_lowbits,26,390625
sequential,fib32_lowbits,27,390625
sequential,fib32_lowbits,28,390625
sequential,fib32_lowbits,29,390625
sequential,fib32_lowbits,30,390625
sequential,fib32_lowbits,31,390625
sequential,fib32_lowbits,32,390625
sequential,fib32_lowbits,33,390625
sequential,fib32_lowbits,34,390625
sequential,fib32_lowbits,35,390625
sequential,fib32_lowbits,36,390625
sequential,fib32_lowbits,37,390625
sequential,fib32_lowbits,38,390625
sequential,fib32_lowbits,39,390625
sequential,fib32_lowbits,40,390625
sequential,fib32_lowbits,41,390625
sequential,fib32_lowbits,42,390625
sequential,fib32_lowbits,43,390625
sequential,fib32_lowbits,44,390625
sequential,fib32_lowbits,45,390625
sequential,fib32_lowbits,46,390625
sequential,fib32_lowbits,47,390625
sequential,fib32_lowbits,48,390625
sequential,fib32_lowbits,49,390625
sequential,fib32_lowbits,50,390625
sequential,fib32_lowbits,51,390625
sequential,fib32_lowbits,52,390625
sequential,fib32_lowbits,53,390625
sequential,fib32_lowbits,54,390625
sequential,fib32_lowbits,55,390625
sequential,fib32_lowbits,56,390625
sequential,fib32_lowbits,57,390625
sequential,fib32_lowbits,58,390625
sequential,fib32_lowbits,59,390625
sequential,fib32_lowbits,60,390625
sequential,fib32_lowbits,61,390625
sequential,fib32_lowbits,62,390625
sequential,fib32_lowbits,63,390625
sequential,fib32_lowbits,64,390625
sequential,fib32_lowbits,65,390625
sequential,fib32_lowbits,66,390625
sequential,fib32_lowbits,67,390625
sequential,fib32_lowbits,68,390625
sequential,fib32_lowbits,69,390625
sequential,fib32_lowbits,70,390625
sequential,fib32_lowbits,71,390625
sequential,fib32_lowbits,72,390625
sequential,fib32_lowbits,73,390625
sequential,fib32_lowbits,74,390625
sequential,fib32_lowbits,75,390625
sequential,fib32_lowbits,76,390625
sequential,fib32_lowbits,77,390625
sequential,fib32_lowbits,78,390625
sequential,fib32_lowbits,79,390625
sequential,fib32_lowbits,80,390625
sequential,fib32_lowbits,81,390625
sequential,fib32_lowbits,82,390625
sequential,fib32_lowbits,83,390625
sequential,fib32_lowbits,84,390625
sequential,fib32_lowbits,85,390625
sequential,fib32_lowbits,86,390625
sequential,fib32_lowbits,87,390625
sequential,fib32_lowbits,88,390625
sequential,fib32_lowbits,89,390625
sequential,fib32_lowbits,90,390625
sequential,fib32_lowbits,91,390625
sequential,fib32_lowbits,92,390625
sequential,fib32_lowbits,93,390625
sequential,fib32_lowbits,94,390625
sequential,fib32_lowbits,95,390625
sequential,fib32_lowbits,96,390625
sequential,fib32_lowbits,97,390625
sequential,fib32_lowbits,98,390625
sequential,fib32_lowbits,99,390625
sequential,fib32_lowbits,100,390625
sequential,fib32_lowbits,101,390625
sequential,fib32_lowbits,102,390625
sequential,fib32_lowbits,103,390625
sequential,fib32_lowbits,104,390625
sequential,fib32_lowbits,105,390625
sequential,fib32_lowbits,106,390625
sequential,fib32_lowbits,107,390625
sequential,fib32_lowbits,108,390625
sequential,fib32_lowbits,109,390625
sequential,fib32_lowbits,110,390625
sequential,fib32_lowbits,111,390625
sequential,fib32_lowbits,112,390625
sequential,fib32_lowbits,113,390625
sequential,fib32_lowbits,114,390625
sequential,fib32_lowbits,115,390625
sequential,fib32_lowbits,116,390625
sequential,fib32_lowbits,117,390625
sequential,fib32_lowbits,118,390625
sequential,fib32_lowbits,119,390625
sequential,fib32_lowbits,120,390625
sequential,fib32_lowbits,121,390625
sequential,fib32_lowbits,122,390625
sequential,fib32_lowbits,123,390625
sequential,fib32_lowbits,124,390625
sequential,fib32_lowbits,125,390625
sequential,fib32_lowbits,126,390625
sequential,fib32_lowbits,127,390625
sequential,fib32_lowbits,128,390625
sequential,fib32_lowbits,129,390625
sequential,fib32_lowbits,130,390625
sequential,fib32_lowbits,131,390625
sequential,fib32_lowbits,132,390625
sequential,fib32_lowbits,133,390625
sequential,fib32_lowbits,134,390625
sequential,fib32_lowbits,135,390625
sequential,fib32_lowbits,136,390625
sequential,fib32_lowbits,137,390625
sequential,fib32_lowbits,138,390625
sequential,fib32_lowbits,139,390625
sequential,fib32_lowbits,140,390625
sequential,fib32_lowbits,141,390625
sequential,fib32_lowbits,142,390625
sequential,fib32_lowbits,143,390625
sequential,fib32_lowbits,144,390625
sequential,fib32_lowbits,145,390625
sequential,fib32_lowbits,146,390625
sequential,fib32_lowbits,147,390625
sequential,fib32_lowbits,148,390625
sequential,fib32_lowbits,149,390625
sequential,fib32_lowbits,150,390625
sequential,fib32_lowbits,151,390625
sequential,fib32_lowbits,152,390625
sequential,fib32_lowbits,153,390625
sequential,fib32_lowbits,154,390625
sequential,fib32_lowbits,155,390625
sequential,fib32_lowbits,156,390625
sequential,fib32_lowbits,157,390625
sequential,fib32_lowbits,158,390625
sequential,fib32_lowbits,159,390625
sequential,fib32_lowbits,160,390625
sequential,fib32_lowbits,161,390625
sequential,fib32_lowbits,162,390625
sequential,fib32_lowbits,163,390625
sequential,fib32_lowbits,164,390625
sequential,fib32_lowbits,165,390625
sequential,fib32_lowbits,166,390625
sequential,fib32_lowbits,167,390625
sequential,fib32_lowbits,168,390625
sequential,fib32_lowbits,169,390625
sequential,fib32_lowbits,170,390625
sequential,fib32_lowbits,171,390625
sequential,fib32_lowbits,172,390625
sequential,fib32_lowbits,173,390625
sequential,fib32_lowbits,174,390625
sequential,fib32_lowbits,175,390625
sequential,fib32_lowbits,176,390625
sequential,fib32_lowbits,177,390625
sequential,fib32_lowbits,178,390625
sequential,fib32_lowbits,179,390625
sequential,fib32_lowbits,180,390625
sequential,fib32_lowbits,181,390625
sequential,fib32_lowbits,182,390625
sequential,fib32_lowbits,183,390625
sequential,fib32_lowbits,184,390625
sequential,fib32_lowbits,185,390625
sequential,fib32_lowbits,186,390625
sequential,fib32_lowbits,187,390625
sequential,fib32_lowbits,188,390625
sequential,fib32_lowbits,189,390625
sequential,fib32_lowbits,190,390625
sequential,fib32_lowbits,191,390625
sequential,fib32_lowbits,192,390625
sequential,fib32_lowbits,193,390625
sequential,fib32_lowbits,194,390625
sequential,fib32_lowbits,195,390625
sequential,fib32_lowbits,196,390625
sequential,fib32_lowbits,197,390625
sequential,fib32_lowbits,198,390625
sequential,fib32_lowbits,199,390625
sequential,fib32_lowbits,200,390625
sequential,fib32_lowbits,201,390625
sequential,fib32_lowbits,202,390625
sequential,fib32_lowbits,203,390625
sequential,fib32_lowbits,204,390625
sequential,fib32_lowbits,205,390625
sequential,fib32_lowbits,206,390625
sequential,fib32_lowbits,207,390625
sequential,fib32_lowbits,208,390625
sequential,fib32_lowbits,209,390625
sequential,fib32_lowbits,210,390625
sequential,fib32_lowbits,211,390625
sequential,fib32_lowbits,212,390625
sequential,fib32_lowbits,213,390625
sequential,fib32_lowbits,214,390625
sequential,fib32_lowbits,215,390625
sequential,fib32_lowbits,216,390625
sequential,fib32_lowbits,217,390625
sequential,fib32_lowbits,218,390625
sequential,fib32_lowbits,219,390625
sequential,fib32_lowbits,220,390625
sequential,fib32_lowbits,221,390625
sequential,fib32_lowbits,222,390625
sequential,fib32_lowbits,223,390625
sequential,fib32_lowbits,224,390625
sequential,fib32_lowbits,225,390625
sequential,fib32_lowbits,226,390625
sequential,fib32_lowbits,227,390625
sequential,fib32_lowbits,228,390625
sequential,fib32_lowbits,229,390625
sequential,fib32_lowbits,230,390625
sequential,fib32_lowbits,231,390625
sequential,fib32_lowbits,232,390625
sequential,fib32_lowbits,233,390625
sequential,fib32_lowbits,234,390625
sequential,fib32_lowbits,235,390625
sequential,fib32_lowbits,236,390625
sequential,fib32_lowbits,237,390625
sequential,fib32_lowbits,238,390625
sequential,fib32_lowbits,239,390625
sequential,fib32_lowbits,240,390625
sequential,fib32_lowbits,241,390625
sequential,fib32_lowbits,242,390625
sequential,fib32_lowbits,243,390625
sequential,fib32_lowbits,244,390625
sequential,fib32_lowbits,245,390625
sequential,fib32_lowbits,246,390625
sequential,fib32_lowbits,247,390625
sequential,fib32_lowbits,248,390625
sequential,fib32_lowbits,249,390625
sequential,fib32_lowbits,250,390625
sequential,fib32_lowbits,251,390625
sequential,fib32_lowbits,252,390625
sequential,fib32_lowbits,253,390625
sequential,fib32_lowbits,254,390625
sequential,fib32_lowbits,255,390625
sequential,mod,0,390625
sequential,mod,1,390625
sequential,mod,2,390625
sequential,mod,3,390625
sequential,mod,4,390625
sequential,mod,5,390625
sequential,mod,6,390625
sequential,mod,7,390625
sequential,mod,8,390625
sequential,mod,9,390625
sequential,mod,10,390625
sequential,mod,11,390625
sequential,mod,12,390625
sequential,mod,13,390625
sequential,mod,14,390625
sequential,mod,15,390625
sequential,mod,16,390625
sequential,mod,17,390625
sequential,mod,18,390625
sequential,mod,19,390625
sequential,mod,20,390625
sequential,mod,21,390625
sequential,mod,22,390625
sequential,mod,23,390625
sequential,mod,24,390625
sequential,mod,25,390625
sequential,mod,26,390625
sequential,mod,27,390625
sequential,mod,28,390625
sequential,mod,29,390625
sequential,mod,30,390625
sequential,mod,31,390625
sequential,mod,32,390625
sequential,mod,33,390625
sequential,mod,34,390625
sequential,mod,35,390625
sequential,mod,36,390625
sequential,mod,37,390625
sequential,mod,38,390625
sequential,mod,39,390625
sequential,mod,40,390625
sequential,mod,41,390625
sequential,mod,42,390625
sequential,mod,43,390625
sequential,mod,44,390625
sequential,mod,45,390625
sequential,mod,46,390625
sequential,mod,47,390625
sequential,mod,48,390625
sequential,mod,49,390625
sequential,mod,50,390625
sequential,mod,51,390625
sequential,mod,52,390625
sequential,mod,53,390625
sequential,mod,54,390625
sequential,mod,55,390625
sequential,mod,56,390625
sequential,mod,57,390625
sequential,mod,58,390625
sequential,mod,59,390625
sequential,mod,60,390625
sequential,mod,61,390625
sequential,mod,62,390625
sequential,mod,63,390625
sequential,mod,64,390625
sequential,mod,65,390625
sequential,mod,66,390625
sequential,mod,67,390625
sequential,mod,68,390625
sequential,mod,69,390625
sequential,mod,70,390625
sequential,mod,71,390625
sequential,mod,72,390625
sequential,mod,73,390625
sequential,mod,74,390625
sequential,mod,75,390625
sequential,mod,76,390625
sequential,mod,77,390625
sequential,mod,78,390625
sequential,mod,79,390625
sequential,mod,80,390625
sequential,mod,81,390625
sequential,mod,82,390625
sequential,mod,83,390625
sequential,mod,84,390625
sequential,mod,85,390625
sequential,mod,86,390625
sequential,mod,87,390625
sequential,mod,88,390625
sequential,mod,89,390625
sequential,mod,90,390625
sequential,mod,91,390625
sequential,mod,92,390625
sequential,mod,93,390625
sequential,mod,94,390625
sequential,mod,95,390625
sequential,mod,96,390625
sequential,mod,97,390625
sequential,mod,98,390625
sequential,mod,99,390625
sequential,mod,100,390625
sequential,mod,101,390625
sequential,mod,102,390625
sequential,mod,103,390625
sequential,mod,104,390625
sequential,mod,105,390625
sequential,mod,106,390625
sequential,mod,107,390625
sequential,mod,108,390625
sequential,mod,109,390625
sequential,mod,110,390625
sequential,mod,111,390625
sequential,mod,112,390625
sequential,mod,113,390625
sequential,mod,114,390625
sequential,mod,115,390625
sequential,mod,116,390625
sequential,mod,117,390625
sequential,mod,118,390625
sequential,mod,119,390625
sequential,mod,120,390625
sequential,mod,121,390625
sequential,mod,122,390625
sequential,mod,123,390625
sequential,mod,124,390625
sequential,mod,125,390625
sequential,mod,126,390625
sequential,mod,127,390625
sequential,mod,128,390625
sequential,mod,129,390625
sequential,mod,130,390625
sequential,mod,131,390625
sequential,mod,132,390625
sequential,mod,133,390625
sequential,mod,134,390625
sequential,mod,135,390625
sequential,mod,136,390625
sequential,mod,137,390625
sequential,mod,138,390625
sequential,mod,139,390625
sequential,mod,140,390625
sequential,mod,141,390625
sequential,mod,142,390625
sequential,mod,143,390625
sequential,mod,144,390625
sequential,mod,145,390625
sequential,mod,146,390625
sequential,mod,147,390625
sequential,mod,148,390625
sequential,mod,149,390625
sequential,mod,150,390625
sequential,mod,151,390625
sequential,mod,152,390625
sequential,mod,153,390625
sequential,mod,154,390625
sequential,mod,155,390625
sequential,mod,156,390625
sequential,mod,157,390625
sequential,mod,158,390625
sequential,mod,159,390625
sequential,mod,160,390625
sequential,mod,161,390625
sequential,mod,162,390625
sequential,mod,163,390625
sequential,mod,164,390625
sequential,mod,165,390625
sequential,mod,166,390625
sequential,mod,167,390625
sequential,mod,168,390625
sequential,mod,169,390625
sequential,mod,170,390625
sequential,mod,171,390625
sequential,mod,172,390625
sequential,mod,173,390625
sequential,mod,174,390625
sequential,mod,175,390625
sequential,mod,176,390625
sequential,mod,177,390625
sequential,mod,178,390625
sequential,mod,179,390625
sequential,mod,180,390625
sequential,mod,181,390625
sequential,mod,182,390625
sequential,mod,183,390625
sequential,mod,184,390625
sequential,mod,185,390625
sequential,mod,186,390625
sequential,mod,187,390625
sequential,mod,188,390625
sequential,mod,189,390625
sequential,mod,190,390625
sequential,mod,191,390625
sequential,mod,192,390625
sequential,mod,193,390625
sequential,mod,194,390625
sequential,mod,195,390625
sequential,mod,196,390625
sequential,mod,197,390625
sequential,mod,198,390625
sequential,mod,199,390625
sequential,mod,200,390625
sequential,mod,201,390625
sequential,mod,202,390625
sequential,mod,203,390625
sequential,mod,204,390625
sequential,mod,205,390625
sequential,mod,206,390625
sequential,mod,207,390625
sequential,mod,208,390625
sequential,mod,209,390625
sequential,mod,210,390625
sequential,mod,211,390625
sequential,mod,212,390625
sequential,mod,213,390625
sequential,mod,214,390625
sequential,mod,215,390625
sequential,mod,216,390625
sequential,mod,217,390625
sequential,mod,218,390625
sequential,mod,219,390625
sequential,mod,220,390625
sequential,mod,221,390625
sequential,mod,222,390625
sequential,mod,223,390625
sequential,mod,224,390625
sequential,mod,225,390625
sequential,mod,226,390625
sequential,mod,227,390625
sequential,mod,228,390625
sequential,mod,229,390625
sequential,mod,230,390625
sequential,mod,231,390625
sequential,mod,232,390625
sequential,mod,233,390625
sequential,mod,234,390625
sequential,mod,235,390625
sequential,mod,236,390625
sequential,mod,237,390625
sequential,mod,238,390625
sequential,mod,239,390625
sequential,mod,240,390625
sequential,mod,241,390625
sequential,mod,242,390625
sequential,mod,243,390625
sequential,mod,244,390625
sequential,mod,245,390625
sequential,mod,246,390625
sequential,mod,247,390625
sequential,mod,248,390625
sequential,mod,249,390625
sequential,mod,250,390625
sequential,mod,251,390625
sequential,mod,252,390625
sequential,mod,253,390625
sequential,mod,254,390625
sequential,mod,255,390625
sequential,fib64,0,390627
sequential,fib64,1,390625
sequential,fib64,2,390623
sequential,fib64,3,390626
sequential,fib64,4,390626
sequential,fib64,5,390626
sequential,fib64,6,390624
sequential,fib64,7,390623
sequential,fib64,8,390626
sequential,fib64,9,390627
sequential,fib64,10,390624
sequential,fib64,11,390624
sequential,fib64,12,390626
sequential,fib64,13,390625
sequential,fib64,14,390624
sequential,fib64,15,390624
sequential,fib64,16,390625
sequential,fib64,17,390626
sequential,fib64,18,390625
sequential,fib64,19,390626
sequential,fib64,20,390623
sequential,fib64,21,390627
sequential,fib64,22,390624
sequential,fib64,23,390625
sequential,fib64,24,390626
sequential,fib64,25,390625
sequential,fib64,26,390624
sequential,fib64,27,390626
sequential,fib64,28,390623
sequential,fib64,29,390625
sequential,fib64,30,390626
sequential,fib64,31,390625
sequential,fib64,32,390625
sequential,fib64,33,390625
sequential,fib64,34,390625
sequential,fib64,35,390625
sequential,fib64,36,390625
sequential,fib64,37,390625
sequential,fib64,38,390625
sequential,fib64,39,390625
sequential,fib64,40,390625
sequential,fib64,41,390625
sequential,fib64,42,390625
sequential,fib64,43,390625
sequential,fib64,44,390624
sequential,fib64,45,390626
sequential,fib64,46,390626
sequential,fib64,47,390625
sequential,fib64,48,390625
sequential,fib64,49,390624
sequential,fib64,50,390625
sequential,fib64,51,390625
sequential,fib64,52,390625
sequential,fib64,53,390624
sequential,fib64,54,390626
sequential,fib64,55,390626
sequential,fib64,56,390625
sequential,fib64,57,390624
sequential,fib64,58,390624
sequential,fib64,59,390625
sequential,fib64,60,390627
sequential,fib64,61,390625
sequential,fib64,62,390625
sequential,fib64,63,390626
sequential,fib64,64,390623
sequential,fib64,65,390624
sequential,fib64,66,390626
sequential,fib64,67,390625
sequential,fib64,68,390626
sequential,fib64,69,390624
sequential,fib64,70,390626
sequential,fib64,71,390625
sequential,fib64,72,390626
sequential,fib64,73,390623
sequential,fib64,74,390625
sequential,fib64,75,390625
sequential,fib64,76,390626
sequential,fib64,77,390624
sequential,fib64,78,390625
sequential,fib64,79,390626
sequential,fib64,80,390624
sequential,fib64,81,390626
sequential,fib64,82,390625
sequential,fib64,83,390624
sequential,fib64,84,390625
sequential,fib64,85,390625
sequential,fib64,86,390626
sequential,fib64,87,390626
sequential,fib64,88,390624
sequential,fib64,89,390624
sequential,fib64,90,390626
sequential,fib64,91,390624
sequential,fib64,92,390625
sequential,fib64,93,390626
sequential,fib64,94,390625
sequential,fib64,95,390626
sequential,fib64,96,390624
sequential,fib64,97,390624
sequential,fib64,98,390624
sequential,fib64,99,390626
sequential,fib64,100,390625
sequential,fib64,101,390625
sequential,fib64,102,390625
sequential,fib64,103,390626
sequential,fib64,104,390624
sequential,fib64,105,390626
sequential,fib64,106,390625
sequential,fib64,107,390624
sequential,fib64,108,390626
sequential,fib64,109,390625
sequential,fib64,110,390625
sequential,fib64,111,390624
sequential,fib64,112,390625
sequential,fib64,113,390625
sequential,fib64,114,390626
sequential,fib64,115,390624
sequential,fib64,116,390624
sequential,fib64,117,390625
sequential,fib64,118,390626
sequential,fib64,119,390625
sequential,fib64,120,390625
sequential,fib64,121,390626
sequential,fib64,122,390624
sequential,fib64,123,390625
sequential,fib64,124,390626
sequential,fib64,125,390625
sequential,fib64,126,390624
sequential,fib64,127,390624
sequential,fib64,128,390626
sequential,fib64,129,390625
sequential,fib64,130,390626
sequential,fib64,131,390624
sequential,fib64,132,390624
sequential,fib64,133,390626
sequential,fib64,134,390625
sequential,fib64,135,390624
sequential,fib64,136,390626
sequential,fib64,137,390625
sequential,fib64,138,390624
sequential,fib64,139,390626
sequential,fib64,140,390624
sequential,fib64,141,390626
sequential,fib64,142,390625
sequential,fib64,143,390625
sequential,fib64,144,390626
sequential,fib64,145,390626
sequential,fib64,146,390623
sequential,fib64,147,390625
sequential,fib64,148,390625
sequential,fib64,149,390625
sequential,fib64,150,390625
sequential,fib64,151,390625
sequential,fib64,152,390625
sequential,fib64,153,390625
sequential,fib64,154,390624
sequential,fib64,155,390626
sequential,fib64,156,390625
sequential,fib64,157,390626
sequential,fib64,158,390625
sequential,fib64,159,390625
sequential,fib64,160,390624
sequential,fib64,161,390625
sequential,fib64,162,390624
sequential,fib64,163,390627
sequential,fib64,164,390625
sequential,fib64,165,390625
sequential,fib64,166,390625
sequential,fib64,167,390624
sequential,fib64,168,390626
sequential,fib64,169,390624
sequential,fib64,170,390625
sequential,fib64,171,390625
sequential,fib64,172,390626
sequential,fib64,173,390625
sequential,fib64,174,390624
sequential,fib64,175,390625
sequential,fib64,176,390625
sequential,fib64,177,390626
sequential,fib64,178,390625
sequential,fib64,179,390624
sequential,fib64,180,390625
sequential,fib64,181,390626
sequential,fib64,182,390625
sequential,fib64,183,390625
sequential,fib64,184,390625
sequential,fib64,185,390624
sequential,fib64,186,390625
sequential,fib64,187,390625
sequential,fib64,188,390625
sequential,fib64,189,390624
sequential,fib64,190,390626
sequential,fib64,191,390626
sequential,fib64,192,390625
sequential,fib64,193,390625
sequential,fib64,194,390625
sequential,fib64,195,390623
sequential,fib64,196,390626
sequential,fib64,197,390625
sequential,fib64,198,390625
sequential,fib64,199,390626
sequential,fib64,200,390624
sequential,fib64,201,390625
sequential,fib64,202,390626
sequential,fib64,203,390624
sequential,fib64,204,390625
sequential,fib64,205,390625
sequential,fib64,206,390626
sequential,fib64,207,390626
sequential,fib64,208,390624
sequential,fib64,209,390623
sequential,fib64,210,390626
sequential,fib64,211,390625
sequential,fib64,212,390625
sequential,fib64,213,390624
sequential,fib64,214,390627
sequential,fib64,215,390626
sequential,fib64,216,390623
sequential,fib64,217,390625
sequential,fib64,218,390625
sequential,fib64,219,390625
sequential,fib64,220,390625
sequential,fib64,221,390624
sequential,fib64,222,390625
sequential,fib64,223,390627
sequential,fib64,224,390624
sequential,fib64,225,390624
sequential,fib64,226,390626
sequential,fib64,227,390624
sequential,fib64,228,390626
sequential,fib64,229,390625
sequential,fib64,230,390625
sequential,fib64,231,390625
sequential,fib64,232,390625
sequential,fib64,233,390624
sequential,fib64,234,390625
sequential,fib64,235,390626
sequential,fib64,236,390624
sequential,fib64,237,390625
sequential,fib64,238,390625
sequential,fib64,239,390626
sequential,fib64,240,390625
sequential,fib64,241,390625
sequential,fib64,242,390625
sequential,fib64,243,390624
sequential,fib64,244,390626
sequential,fib64,245,390626
sequential,fib64,246,390625
sequential,fib64,247,390623
sequential,fib64,248,390626
sequential,fib64,249,390625
sequential,fib64,250,390625
sequential,fib64,251,390624
sequential,fib64,252,390625
sequential,fib64,253,390626
sequential,fib64,254,390625
sequential,fib64,255,390624
sequential,mult32_nofold,0,390628
sequential,mult32_nofold,1,390622
sequential,mult32_nofold,2,390629
sequential,mult32_nofold,3,390622
sequential,mult32_nofold,4,390628
sequential,mult32_nofold,5,390621
sequential,mult32_nofold,6,390630
sequential,mult32_nofold,7,390621
sequential,mult32_nofold,8,390629
sequential,mult32_nofold,9,390622
sequential,mult32_nofold,10,390629
sequential,mult32_nofold,11,390620
sequential,mult32_nofold,12,390628
sequential,mult32_nofold,13,390624
sequential,mult32_nofold,14,390626
sequential,mult32_nofold,15,390623
sequential,mult32_nofold,16,390627
sequential,mult32_nofold,17,390624
sequential,mult32_nofold,18,390625
sequential,mult32_nofold,19,390624
sequential,mult32_nofold,20,390625
sequential,mult32_nofold,21,390625
sequential,mult32_nofold,22,390623
sequential,mult32_nofold,23,390628
sequential,mult32_nofold,24,390623
sequential,mult32_nofold,25,390627
sequential,mult32_nofold,26,390622
sequential,mult32_nofold,27,390630
sequential,mult32_nofold,28,390620
sequential,mult32_nofold,29,390629
sequential,mult32_nofold,30,390622
sequential,mult32_nofold,31,390630
sequential,mult32_nofold,32,390620
sequential,mult32_nofold,33,390628
sequential,mult32_nofold,34,390622
sequential,mult32_nofold,35,390629
sequential,mult32_nofold,36,390621
sequential,mult32_nofold,37,390628
sequential,mult32_nofold,38,390622
sequential,mult32_nofold,39,390628
sequential,mult32_nofold,40,390623
sequential,mult32_nofold,41,390627
sequential,mult32_nofold,42,390623
sequential,mult32_nofold,43,390625
sequential,mult32_nofold,44,390626
sequential,mult32_nofold,45,390624
sequential,mult32_nofold,46,390626
sequential,mult32_nofold,47,390623
sequential,mult32_nofold,48,390627
sequential,mult32_nofold,49,390622
sequential,mult32_nofold,50,390628
sequential,mult32_nofold,51,390621
sequential,mult32_nofold,52,390629
sequential,mult32_nofold,53,390621
sequential,mult32_nofold,54,390630
sequential,mult32_nofold,55,390622
sequential,mult32_nofold,56,390629
sequential,mult32_nofold,57,390620
sequential,mult32_nofold,58,390630
sequential,mult32_nofold,59,390621
sequential,mult32_nofold,60,390630
sequential,mult32_nofold,61,390622
sequential,mult32_nofold,62,390628
sequential,mult32_nofold,63,390622
sequential,mult32_nofold,64,390626
sequential,mult32_nofold,65,390624
sequential,mult32_nofold,66,390625
sequential,mult32_nofold,67,390623
sequential,mult32_nofold,68,390626
sequential,mult32_nofold,69,390626
sequential,mult32_nofold,70,390625
sequential,mult32_nofold,71,390625
sequential,mult32_nofold,72,390624
sequential,mult32_nofold,73,390628
sequential,mult32_nofold,74,390621
sequential,mult32_nofold,75,390628
sequential,mult32_nofold,76,390622
sequential,mult32_nofold,77,390628
sequential,mult32_nofold,78,390621
sequential,mult32_nofold,79,390630
sequential,mult32_nofold,80,390620
sequential,mult32_nofold,81,390629
sequential,mult32_nofold,82,390622
sequential,mult32_nofold,83,390629
sequential,mult32_nofold,84,390622
sequential,mult32_nofold,85,390627
sequential,mult32_nofold,86,390624
sequential,mult32_nofold,87,390629
sequential,mult32_nofold,88,390620
sequential,mult32_nofold,89,390628
sequential,mult32_nofold,90,390623
sequential,mult32_nofold,91,390626
sequential,mult32_nofold,92,390623
sequential,mult32_nofold,93,390626
sequential,mult32_nofold,94,390625
sequential,mult32_nofold,95,390624
sequential,mult32_nofold,96,390625
sequential,mult32_nofold,97,390624
sequential,mult32_nofold,98,390626
sequential,mult32_nofold,99,390622
sequential,mult32_nofold,100,390629
sequential,mult32_nofold,101,390622
sequential,mult32_nofold,102,390629
sequential,mult32_nofold,103,390622
sequential,mult32_nofold,104,390629
sequential,mult32_nofold,105,390622
sequential,mult32_nofold,106,390627
sequential,mult32_nofold,107,390623
sequential,mult32_nofold,108,390628
sequential,mult32_nofold,109,390621
sequential,mult32_nofold,110,390628
sequential,mult32_nofold,111,390622
sequential,mult32_nofold,112,390628
sequential,mult32_nofold,113,390621
sequential,mult32_nofold,114,390628
sequential,mult32_nofold,115,390624
sequential,mult32_nofold,116,390627
sequential,mult32_nofold,117,390622
sequential,mult32_nofold,118,390627
sequential,mult32_nofold,119,390625
sequential,mult32_nofold,120,390625
sequential,mult32_nofold,121,390625
sequential,mult32_nofold,122,390624
sequential,mult32_nofold,123,390626
sequential,mult32_nofold,124,390623
sequential,mult32_nofold,125,390627
sequential,mult32_nofold,126,390622
sequential,mult32_nofold,127,390627
sequential,mult32_nofold,128,390623
sequential,mult32_nofold,129,390629
sequential,mult32_nofold,130,390621
sequential,mult32_nofold,131,390629
sequential,mult32_nofold,132,390622
sequential,mult32_nofold,133,390628
sequential,mult32_nofold,134,390622
sequential,mult32_nofold,135,390627
sequential,mult32_nofold,136,390623
sequential,mult32_nofold,137,390629
sequential,mult32_nofold,138,390621
sequential,mult32_nofold,139,390629
sequential,mult32_nofold,140,390620
sequential,mult32_nofold,141,390628
sequential,mult32_nofold,142,390623
sequential,mult32_nofold,143,390627
sequential,mult32_nofold,144,390624
sequential,mult32_nofold,145,390626
sequential,mult32_nofold,146,390624
sequential,mult32_nofold,147,390625
sequential,mult32_nofold,148,390625
sequential,mult32_nofold,149,390624
sequential,mult32_nofold,150,390627
sequential,mult32_nofold,151,390622
sequential,mult32_nofold,152,390629
sequential,mult32_nofold,153,390622
sequential,mult32_nofold,154,390627
sequential,mult32_nofold,155,390621
sequential,mult32_nofold,156,390628
sequential,mult32_nofold,157,390623
sequential,mult32_nofold,158,390630
sequential,mult32_nofold,159,390620
sequential,mult32_nofold,160,390631
sequential,mult32_nofold,161,390620
sequential,mult32_nofold,162,390630
sequential,mult32_nofold,163,390620
sequential,mult32_nofold,164,390630
sequential,mult32_nofold,165,390621
sequential,mult32_nofold,166,390628
sequential,mult32_nofold,167,390623
sequential,mult32_nofold,168,390627
sequential,mult32_nofold,169,390621
sequential,mult32_nofold,170,390627
sequential,mult32_nofold,171,390625
sequential,mult32_nofold,172,390623
sequential,mult32_nofold,173,390627
sequential,mult32_nofold,174,390624
sequential,mult32_nofold,175,390627
sequential,mult32_nofold,176,390622
sequential,mult32_nofold,177,390628
sequential,mult32_nofold,178,390622
sequential,mult32_nofold,179,390629
sequential,mult32_nofold,180,390620
sequential,mult32_nofold,181,390631
sequential,mult32_nofold,182,390620
sequential,mult32_nofold,183,390628
sequential,mult32_nofold,184,390621
sequential,mult32_nofold,185,390630
sequential,mult32_nofold,186,390621
sequential,mult32_nofold,187,390627
sequential,mult32_nofold,188,390622
sequential,mult32_nofold,189,390630
sequential,mult32_nofold,190,390621
sequential,mult32_nofold,191,390629
sequential,mult32_nofold,192,390622
sequential,mult32_nofold,193,390627
sequential,mult32_nofold,194,390624
sequential,mult32_nofold,195,390625
sequential,mult32_nofold,196,390625
sequential,mult32_nofold,197,390624
sequential,mult32_nofold,198,390626
sequential,mult32_nofold,199,390624
sequential,mult32_nofold,200,390627
sequential,mult32_nofold,201,390621
sequential,mult32_nofold,202,390628
sequential,mult32_nofold,203,390622
sequential,mult32_nofold,204,390628
sequential,mult32_nofold,205,390622
sequential,mult32_nofold,206,390629
sequential,mult32_nofold,207,390622
sequential,mult32_nofold,208,390628
sequential,mult32_nofold,209,390622
sequential,mult32_nofold,210,390629
sequential,mult32_nofold,211,390620
sequential,mult32_nofold,212,390629
sequential,mult32_nofold,213,390622
sequential,mult32_nofold,214,390629
sequential,mult32_nofold,215,390621
sequential,mult32_nofold,216,390628
sequential,mult32_nofold,217,390622
sequential,mult32_nofold,218,390627
sequential,mult32_nofold,219,390624
sequential,mult32_nofold,220,390626
sequential,mult32_nofold,221,390624
sequential,mult32_nofold,222,390625
sequential,mult32_nofold,223,390627
sequential,mult32_nofold,224,390623
sequential,mult32_nofold,225,390626
sequential,mult32_nofold,226,390623
sequential,mult32_nofold,227,390627
sequential,mult32_nofold,228,390623
sequential,mult32_nofold,229,390627
sequential,mult32_nofold,230,390622
sequential,mult32_nofold,231,390628
sequential,mult32_nofold,232,390620
sequential,mult32_nofold,233,390629
sequential,mult32_nofold,234,390622
sequential,mult32_nofold,235,390629
sequential,mult32_nofold,236,390622
sequential,mult32_nofold,237,390629
sequential,mult32_nofold,238,390621
sequential,mult32_nofold,239,390630
sequential,mult32_nofold,240,390622
sequential,mult32_nofold,241,390629
sequential,mult32_nofold,242,390621
sequential,mult32_nofold,243,390627
sequential,mult32_nofold,244,390623
sequential,mult32_nofold,245,390626
sequential,mult32_nofold,246,390623
sequential,mult32_nofold,247,390625
sequential,mult32_nofold,248,390626
sequential,mult32_nofold,249,390624
sequential,mult32_nofold,250,390626
sequential,mult32_nofold,251,390624
sequential,mult32_nofold,252,390626
sequential,mult32_nofold,253,390622
sequential,mult32_nofold,254,390628
sequential,mult32_nofold,255,390623
strided_pow2,fib32,0,390629
strided_pow2,fib32,1,390623
strided_pow2,fib32,2,390626
strided_pow2,fib32,3,390624
strided_pow2,fib32,4,390626
strided_pow2,fib32,5,390624
strided_pow2,fib32,6,390625
strided_pow2,fib32,7,390626
strided_pow2,fib32,8,390623
strided_pow2,fib32,9,390627
strided_pow2,fib32,10,390624
strided_pow2,fib32,11,390626
strided_pow2,fib32,12,390624
strided_pow2,fib32,13,390627
strided_pow2,fib32,14,390622
strided_pow2,fib32,15,390628
strided_pow2,fib32,16,390623
strided_pow2,fib32,17,390627
strided_pow2,fib32,18,390622
strided_pow2,fib32,19,390628
strided_pow2,fib32,20,390622
strided_pow2,fib32,21,390627
strided_pow2,fib32,22,390624
strided_pow2,fib32,23,390626
strided_pow2,fib32,24,390624
strided_pow2,fib32,25,390626
strided_pow2,fib32,26,390625
strided_pow2,fib32,27,390624
strided_pow2,fib32,28,390626
strided_pow2,fib32,29,390626
strided_pow2,fib32,30,390623
strided_pow2,fib32,31,390626
strided_pow2,fib32,32,390625
strided_pow2,fib32,33,390624
strided_pow2,fib32,34,390626
strided_pow2,fib32,35,390625
strided_pow2,fib32,36,390625
strided_pow2,fib32,37,390624
strided_pow2,fib32,38,390628
strided_pow2,fib32,39,390621
strided_pow2,fib32,40,390628
strided_pow2,fib32,41,390622
strided_pow2,fib32,42,390627
strided_pow2,fib32,43,390623
strided_pow2,fib32,44,390628
strided_pow2,fib32,45,390622
strided_pow2,fib32,46,390628
strided_pow2,fib32,47,390623
strided_pow2,fib32,48,390626
strided_pow2,fib32,49,390624
strided_pow2,fib32,50,390627
strided_pow2,fib32,51,390623
strided_pow2,fib32,52,390626
strided_pow2,fib32,53,390625
strided_pow2,fib32,54,390624
strided_pow2,fib32,55,390626
strided_pow2,fib32,56,390624
strided_pow2,fib32,57,390627
strided_pow2,fib32,58,390622
strided_pow2,fib32,59,390629
strided_pow2,fib32,60,390621
strided_pow2,fib32,61,390628
strided_pow2,fib32,62,390621
strided_pow2,fib32,63,390629
strided_pow2,fib32,64,390620
strided_pow2,fib32,65,390630
strided_pow2,fib32,66,390622
strided_pow2,fib32,67,390627
strided_pow2,fib32,68,390623
strided_pow2,fib32,69,390627
strided_pow2,fib32,70,390623
strided_pow2,fib32,71,390626
strided_pow2,fib32,72,390626
strided_pow2,fib32,73,390623
strided_pow2,fib32,74,390626
strided_pow2,fib32,75,390624
strided_pow2,fib32,76,390626
strided_pow2,fib32,77,390623
strided_pow2,fib32,78,390629
strided_pow2,fib32,79,390620
strided_pow2,fib32,80,390630
strided_pow2,fib32,81,390622
strided_pow2,fib32,82,390628
strided_pow2,fib32,83,390621
strided_pow2,fib32,84,390629
strided_pow2,fib32,85,390620
strided_pow2,fib32,86,390629
strided_pow2,fib32,87,390623
strided_pow2,fib32,88,390626
strided_pow2,fib32,89,390624
strided_pow2,fib32,90,390626
strided_pow2,fib32,91,390624
strided_pow2,fib32,92,390625
strided_pow2,fib32,93,390627
strided_pow2,fib32,94,390623
strided_pow2,fib32,95,390627
strided_pow2,fib32,96,390623
strided_pow2,fib32,97,390627
strided_pow2,fib32,98,390623
strided_pow2,fib32,99,390627
strided_pow2,fib32,100,390623
strided_pow2,fib32,101,390627
strided_pow2,fib32,102,390623
strided_pow2,fib32,103,390628
strided_pow2,fib32,104,390621
strided_pow2,fib32,105,390628
strided_pow2,fib32,106,390623
strided_pow2,fib32,107,390626
strided_pow2,fib32,108,390624
strided_pow2,fib32,109,390627
strided_pow2,fib32,110,390623
strided_pow2,fib32,111,390626
strided_pow2,fib32,112,390625
strided_pow2,fib32,113,390624
strided_pow2,fib32,114,390626
strided_pow2,fib32,115,390626
strided_pow2,fib32,116,390624
strided_pow2,fib32,117,390625
strided_pow2,fib32,118,390626
strided_pow2,fib32,119,390623
strided_pow2,fib32,120,390626
strided_pow2,fib32,121,390625
strided_pow2,fib32,122,390625
strided_pow2,fib32,123,390624
strided_pow2,fib32,124,390628
strided_pow2,fib32,125,390621
strided_pow2,fib32,126,390628
strided_pow2,fib32,127,390623
strided_pow2,fib32,128,390627
strided_pow2,fib32,129,390622
strided_pow2,fib32,130,390628
strided_pow2,fib32,131,390622
strided_pow2,fib32,132,390628
strided_pow2,fib32,133,390623
strided_pow2,fib32,134,390627
strided_pow2,fib32,135,390623
strided_pow2,fib32,136,390627
strided_pow2,fib32,137,390625
strided_pow2,fib32,138,390624
strided_pow2,fib32,139,390626
strided_pow2,fib32,140,390624
strided_pow2,fib32,141,390625
strided_pow2,fib32,142,390624
strided_pow2,fib32,143,390628
strided_pow2,fib32,144,390621
strided_pow2,fib32,145,390629
strided_pow2,fib32,146,390621
strided_pow2,fib32,147,390628
strided_pow2,fib32,148,390622
strided_pow2,fib32,149,390630
strided_pow2,fib32,150,390619
strided_pow2,fib32,151,390630
strided_pow2,fib32,152,390622
strided_pow2,fib32,153,390627
strided_pow2,fib32,154,390623
strided_pow2,fib32,155,390627
strided_pow2,fib32,156,390623
strided_pow2,fib32,157,390626
strided_pow2,fib32,158,390626
strided_pow2,fib32,159,390623
strided_pow2,fib32,160,390627
strided_pow2,fib32,161,390623
strided_pow2,fib32,162,390627
strided_pow2,fib32,163,390622
strided_pow2,fib32,164,390629
strided_pow2,fib32,165,390622
strided_pow2,fib32,166,390628
strided_pow2,fib32,167,390622
strided_pow2,fib32,168,390629
strided_pow2,fib32,169,390620
strided_pow2,fib32,170,390629
strided_pow2,fib32,171,390622
strided_pow2,fib32,172,390627
strided_pow2,fib32,173,390623
strided_pow2,fib32,174,390627
strided_pow2,fib32,175,390623
strided_pow2,fib32,176,390626
strided_pow2,fib32,177,390626
strided_pow2,fib32,178,390623
strided_pow2,fib32,179,390627
strided_pow2,fib32,180,390624
strided_pow2,fib32,181,390626
strided_pow2,fib32,182,390624
strided_pow2,fib32,183,390627
strided_pow2,fib32,184,390622
strided_pow2,fib32,185,390628
strided_pow2,fib32,186,390623
strided_pow2,fib32,187,390626
strided_pow2,fib32,188,390623
strided_pow2,fib32,189,390628
strided_pow2,fib32,190,390621
strided_pow2,fib32,191,390628
strided_pow2,fib32,192,390624
strided_pow2,fib32,193,390625
strided_pow2,fib32,194,390625
strided_pow2,fib32,195,390626
strided_pow2,fib32,196,390623
strided_pow2,fib32,197,390626
strided_pow2,fib32,198,390625
strided_pow2,fib32,199,390624
strided_pow2,fib32,200,390626
strided_pow2,fib32,201,390626
strided_pow2,fib32,202,390624
strided_pow2,fib32,203,390625
strided_pow2,fib32,204,390626
strided_pow2,fib32,205,390624
strided_pow2,fib32,206,390626
strided_pow2,fib32,207,390624
strided_pow2,fib32,208,390627
strided_pow2,fib32,209,390622
strided_pow2,fib32,210,390628
strided_pow2,fib32,211,390622
strided_pow2,fib32,212,390627
strided_pow2,fib32,213,390623
strided_pow2,fib32,214,390628
strided_pow2,fib32,215,390622
strided_pow2,fib32,216,390627
strided_pow2,fib32,217,390624
strided_pow2,fib32,218,390626
strided_pow2,fib32,219,390623
strided_pow2,fib32,220,390628
strided_pow2,fib32,221,390622
strided_pow2,fib32,222,390627
strided_pow2,fib32,223,390625
strided_pow2,fib32,224,390624
strided_pow2,fib32,225,390626
strided_pow2,fib32,226,390624
strided_pow2,fib32,227,390626
strided_pow2,fib32,228,390623
strided_pow2,fib32,229,390629
strided_pow2,fib32,230,390620
strided_pow2,fib32,231,390629
strided_pow2,fib32,232,390621
strided_pow2,fib32,233,390628
strided_pow2,fib32,234,390622
strided_pow2,fib32,235,390630
strided_pow2,fib32,236,390621
strided_pow2,fib32,237,390628
strided_pow2,fib32,238,390623
strided_pow2,fib32,239,390626
strided_pow2,fib32,240,390623
strided_pow2,fib32,241,390627
strided_pow2,fib32,242,390624
strided_pow2,fib32,243,390625
strided_pow2,fib32,244,390626
strided_pow2,fib32,245,390624
strided_pow2,fib32,246,390626
strided_pow2,fib32,247,390623
strided_pow2,fib32,248,390628
strided_pow2,fib32,249,390621
strided_pow2,fib32,250,390630
strided_pow2,fib32,251,390622
strided_pow2,fib32,252,390628
strided_pow2,fib32,253,390621
strided_pow2,fib32,254,390629
strided_pow2,fib32,255,390620
strided_pow2,fib32_lowbits,0,1048576
strided_pow2,fib32_lowbits,1,0
strided_pow2,fib32_lowbits,2,1048576
strided_pow2,fib32_lowbits,3,0
strided_pow2,fib32_lowbits,4,1048576
strided_pow2,fib32_lowbits,5,0
strided_pow2,fib32_lowbits,6,1048576
strided_pow2,fib32_lowbits,7,0
strided_pow2,fib32_lowbits,8,1048576
strided_pow2,fib32_lowbits,9,0
strided_pow2,fib32_lowbits,10,1048576
strided_pow2,fib32_lowbits,11,0
strided_pow2,fib32_lowbits,12,0
strided_pow2,fib32_lowbits,13,0
strided_pow2,fib32_lowbits,14,0
strided_pow2,fib32_lowbits,15,1048576
strided_pow2,fib32_lowbits,16,0
strided_pow2,fib32_lowbits,17,1048576
strided_pow2,fib32_lowbits,18,0
strided_pow2,fib32_lowbits,19,1048576
strided_pow2,fib32_lowbits,20,0
strided_pow2,fib32_lowbits,21,1048576
strided_pow2,fib32_lowbits,22,0
strided_pow2,fib32_lowbits,23,1048576
strided_pow2,fib32_lowbits,24,0
strided_pow2,fib32_lowbits,25,0
strided_pow2,fib32_lowbits,26,0
strided_pow2,fib32_lowbits,27,0
strided_pow2,fib32_lowbits,28,0
strided_pow2,fib32_lowbits,29,0
strided_pow2,fib32_lowbits,30,1048576
strided_pow2,fib32_lowbits,31,0
strided_pow2,fib32_lowbits,32,1048576
strided_pow2,fib32_lowbits,33,0
strided_pow2,fib32_lowbits,34,1048576
strided_pow2,fib32_lowbits,35,0
strided_pow2,fib32_lowbits,36,1048576
strided_pow2,fib32_lowbits,37,0
strided_pow2,fib32_lowbits,38,1048576
strided_pow2,fib32_lowbits,39,0
strided_pow2,fib32_lowbits,40,0
strided_pow2,fib32_lowbits,41,0
strided_pow2,fib32_lowbits,42,0
strided_pow2,fib32_lowbits,43,1048576
strided_pow2,fib32_lowbits,44,0
strided_pow2,fib32_lowbits,45,1048576
strided_pow2,fib32_lowbits,46,0
strided_pow2,fib32_lowbits,47,1048576
strided_pow2,fib32_lowbits,48,0
strided_pow2,fib32_lowbits,49,1048576
strided_pow2,fib32_lowbits,50,0
strided_pow2,fib32_lowbits,51,1048576
strided_pow2,fib32_lowbits,52,0
strided_pow2,fib32_lowbits,53,1048576
strided_pow2,fib32_lowbits,54,0
strided_pow2,fib32_lowbits,55,0
strided_pow2,fib32_lowbits,56,0
strided_pow2,fib32_lowbits,57,0
strided_pow2,fib32_lowbits,58,1048576
strided_pow2,fib32_lowbits,59,0
strided_pow2,fib32_lowbits,60,1048576
strided_pow2,fib32_lowbits,61,0
strided_pow2,fib32_lowbits,62,1048576
strided_pow2,fib32_lowbits,63,0
strided_pow2,fib32_lowbits,64,1048576
strided_pow2,fib32_lowbits,65,0
strided_pow2,fib32_lowbits,66,1048576
strided_pow2,fib32_lowbits,67,0
strided_pow2,fib32_lowbits,68,0
strided_pow2,fib32_lowbits,69,0
strided_pow2,fib32_lowbits,70,0
strided_pow2,fib32_lowbits,71,0
strided_pow2,fib32_lowbits,72,0
strided_pow2,fib32_lowbits,73,1048576
strided_pow2,fib32_lowbits,74,0
strided_pow2,fib32_lowbits,75,1048576
strided_pow2,fib32_lowbits,76,0
strided_pow2,fib32_lowbits,77,1048576
strided_pow2,fib32_lowbits,78,0
strided_pow2,fib32_lowbits,79,1048576
strided_pow2,fib32_lowbits,80,0
strided_pow2,fib32_lowbits,81,1048576
strided_pow2,fib32_lowbits,82,0
strided_pow2,fib32_lowbits,83,0
strided_pow2,fib32_lowbits,84,0
strided_pow2,fib32_lowbits,85,0
strided_pow2,fib32_lowbits,86,1048576
strided_pow2,fib32_lowbits,87,0
strided_pow2,fib32_lowbits,88,1048576
strided_pow2,fib32_lowbits,89,0
strided_pow2,fib32_lowbits,90,1048576
strided_pow2,fib32_lowbits,91,0
strided_pow2,fib32_lowbits,92,1048576
strided_pow2,fib32_lowbits,93,0
strided_pow2,fib32_lowbits,94,1048576
strided_pow2,fib32_lowbits,95,0
strided_pow2,fib32_lowbits,96,0
strided_pow2,fib32_lowbits,97,0
strided_pow2,fib32_lowbits,98,0
strided_pow2,fib32_lowbits,99,0
strided_pow2,fib32_lowbits,100,0
strided_pow2,fib32_lowbits,101,1048576
strided_pow2,fib32_lowbits,102,0
strided_pow2,fib32_lowbits,103,1048576
strided_pow2,fib32_lowbits,104,0
strided_pow2,fib32_lowbits,105,1048576
strided_pow2,fib32_lowbits,106,0
strided_pow2,fib32_lowbits,107,1048576
strided_pow2,fib32_lowbits,108,0
strided_pow2,fib32_lowbits,109,1048576
strided_pow2,fib32_lowbits,110,0
strided_pow2,fib32_lowbits,111,0
strided_pow2,fib32_lowbits,112,0
strided_pow2,fib32_lowbits,113,0
strided_pow2,fib32_lowbits,114,1048576
strided_pow2,fib32_lowbits,115,0
strided_pow2,fib32_lowbits,116,1048576
strided_pow2,fib32_lowbits,117,0
strided_pow2,fib32_lowbits,118,1048576
strided_pow2,fib32_lowbits,119,0
strided_pow2,fib32_lowbits,120,1048576
strided_pow2,fib32_lowbits,121,0
strided_pow2,fib32_lowbits,122,1048576
strided_pow2,fib32_lowbits,123,0
strided_pow2,fib32_lowbits,124,1048576
strided_pow2,fib32_lowbits,125,0
strided_pow2,fib32_lowbits,126,0
strided_pow2,fib32_lowbits,127,0
strided_pow2,fib32_lowbits,128,0
strided_pow2,fib32_lowbits,129,1048576
strided_pow2,fib32_lowbits,130,0
strided_pow2,fib32_lowbits,131,1048576
strided_pow2,fib32_lowbits,132,0
strided_pow2,fib32_lowbits,133,1048576
strided_pow2,fib32_lowbits,134,0
strided_pow2,fib32_lowbits,135,1048576
strided_pow2,fib32_lowbits,136,0
strided_pow2,fib32_lowbits,137,1048576
strided_pow2,fib32_lowbits,138,0
strided_pow2,fib32_lowbits,139,0
strided_pow2,fib32_lowbits,140,0
strided_pow2,fib32_lowbits,141,0
strided_pow2,fib32_lowbits,142,0
strided_pow2,fib32_lowbits,143,0
strided_pow2,fib32_lowbits,144,1048576
strided_pow2,fib32_lowbits,145,0
strided_pow2,fib32_lowbits,146,1048576
strided_pow2,fib32_lowbits,147,0
strided_pow2,fib32_lowbits,148,1048576
strided_pow2,fib32_lowbits,149,0
strided_pow2,fib32_lowbits,150,1048576
strided_pow2,fib32_lowbits,151,0
strided_pow2,fib32_lowbits,152,1048576
strided_pow2,fib32_lowbits,153,0
strided_pow2,fib32_lowbits,154,0
strided_pow2,fib32_lowbits,155,0
strided_pow2,fib32_lowbits,156,0
strided_pow2,fib32_lowbits,157,1048576
strided_pow2,fib32_lowbits,158,0
strided_pow2,fib32_lowbits,159,1048576
strided_pow2,fib32_lowbits,160,0
strided_pow2,fib32_lowbits,161,1048576
strided_pow2,fib32_lowbits,162,0
strided_pow2,fib32_lowbits,163,1048576
strided_pow2,fib32_lowbits,164,0
strided_pow2,fib32_lowbits,165,1048576
strided_pow2,fib32_lowbits,166,0
strided_pow2,fib32_lowbits,167,385280
strided_pow2,fib32_lowbits,168,0
strided_pow2,fib32_lowbits,169,0
strided_pow2,fib32_lowbits,170,0
strided_pow2,fib32_lowbits,171,0
strided_pow2,fib32_lowbits,172,1048576
strided_pow2,fib32_lowbits,173,0
strided_pow2,fib32_lowbits,174,1048576
strided_pow2,fib32_lowbits,175,0
strided_pow2,fib32_lowbits,176,1048576
strided_pow2,fib32_lowbits,177,0
strided_pow2,fib32_lowbits,178,1048576
strided_pow2,fib32_lowbits,179,0
strided_pow2,fib32_lowbits,180,1048576
strided_pow2,fib32_lowbits,181,0
strided_pow2,fib32_lowbits,182,0
strided_pow2,fib32_lowbits,183,0
strided_pow2,fib32_lowbits,184,0
strided_pow2,fib32_lowbits,185,1048576
strided_pow2,fib32_lowbits,186,0
strided_pow2,fib32_lowbits,187,1048576
strided_pow2,fib32_lowbits,188,0
strided_pow2,fib32_lowbits,189,1048576
strided_pow2,fib32_lowbits,190,0
strided_pow2,fib32_lowbits,191,1048576
strided_pow2,fib32_lowbits,192,0
strided_pow2,fib32_lowbits,193,1048576
strided_pow2,fib32_lowbits,194,0
strided_pow2,fib32_lowbits,195,1048576
strided_pow2,fib32_lowbits,196,0
strided_pow2,fib32_lowbits,197,0
strided_pow2,fib32_lowbits,198,0
strided_pow2,fib32_lowbits,199,0
strided_pow2,fib32_lowbits,200,1048576
strided_pow2,fib32_lowbits,201,0
strided_pow2,fib32_lowbits,202,1048576
strided_pow2,fib32_lowbits,203,0
strided_pow2,fib32_lowbits,204,1048576
strided_pow2,fib32_lowbits,205,0
strided_pow2,fib32_lowbits,206,1048576
strided_pow2,fib32_lowbits,207,0
strided_pow2,fib32_lowbits,208,1048576
strided_pow2,fib32_lowbits,209,0
strided_pow2,fib32_lowbits,210,0
strided_pow2,fib32_lowbits,211,0
strided_pow2,fib32_lowbits,212,0
strided_pow2,fib32_lowbits,213,0
strided_pow2,fib32_lowbits,214,0
strided_pow2,fib32_lowbits,215,1048576
strided_pow2,fib32_lowbits,216,0
strided_pow2,fib32_lowbits,217,1048576
strided_pow2,fib32_lowbits,218,0
strided_pow2,fib32_lowbits,219,1048576
strided_pow2,fib32_lowbits,220,0
strided_pow2,fib32_lowbits,221,1048576
strided_pow2,fib32_lowbits,222,0
strided_pow2,fib32_lowbits,223,1048576
strided_pow2,fib32_lowbits,224,0
strided_pow2,fib32_lowbits,225,0
strided_pow2,fib32_lowbits,226,0
strided_pow2,fib32_lowbits,227,0
strided_pow2,fib32_lowbits,228,1048576
strided_pow2,fib32_lowbits,229,0
strided_pow2,fib32_lowbits,230,1048576
strided_pow2,fib32_lowbits,231,0
strided_pow2,fib32_lowbits,232,1048576
strided_pow2,fib32_lowbits,233,0
strided_pow2,fib32_lowbits,234,1048576
strided_pow2,fib32_lowbits,235,0
strided_pow2,fib32_lowbits,236,1048576
strided_pow2,fib32_lowbits,237,0
strided_pow2,fib32_lowbits,238,1048576
strided_pow2,fib32_lowbits,239,0
strided_pow2,fib32_lowbits,240,0
strided_pow2,fib32_lowbits,241,0
strided_pow2,fib32_lowbits,242,0
strided_pow2,fib32_lowbits,243,1048576
strided_pow2,fib32_lowbits,244,0
strided_pow2,fib32_lowbits,245,1048576
strided_pow2,fib32_lowbits,246,0
strided_pow2,fib32_lowbits,247,1048576
strided_pow2,fib32_lowbits,248,0
strided_pow2,fib32_lowbits,249,1048576
strided_pow2,fib32_lowbits,250,0
strided_pow2,fib32_lowbits,251,1048576
strided_pow2,fib32_lowbits,252,0
strided_pow2,fib32_lowbits,253,0
strided_pow2,fib32_lowbits,254,0
strided_pow2,fib32_lowbits,255,0
strided_pow2,mod,0,100000000
strided_pow2,mod,1,0
strided_pow2,mod,2,0
strided_pow2,mod,3,0
strided_pow2,mod,4,0
strided_pow2,mod,5,0
strided_pow2,mod,6,0
strided_pow2,mod,7,0
strided_pow2,mod,8,0
strided_pow2,mod,9,0
strided_pow2,mod,10,0
strided_pow2,mod,11,0
strided_pow2,mod,12,0
strided_pow2,mod,13,0
strided_pow2,mod,14,0
strided_pow2,mod,15,0
strided_pow2,mod,16,0
strided_pow2,mod,17,0
strided_pow2,mod,18,0
strided_pow2,mod,19,0
strided_pow2,mod,20,0
strided_pow2,mod,21,0
strided_pow2,mod,22,0
strided_pow2,mod,23,0
strided_pow2,mod,24,0
strided_pow2,mod,25,0
strided_pow2,mod,26,0
strided_pow2,mod,27,0
strided_pow2,mod,28,0
strided_pow2,mod,29,0
strided_pow2,mod,30,0
strided_pow2,mod,31,0
strided_pow2,mod,32,0
strided_pow2,mod,33,0
strided_pow2,mod,34,0
strided_pow2,mod,35,0
strided_pow2,mod,36,0
strided_pow2,mod,37,0
strided_pow2,mod,38,0
strided_pow2,mod,39,0
strided_pow2,mod,40,0
strided_pow2,mod,41,0
strided_pow2,mod,42,0
strided_pow2,mod,43,0
strided_pow2,mod,44,0
strided_pow2,mod,45,0
strided_pow2,mod,46,0
strided_pow2,mod,47,0
strided_pow2,mod,48,0
strided_pow2,mod,49,0
strided_pow2,mod,50,0
strided_pow2,mod,51,0
strided_pow2,mod,52,0
strided_pow2,mod,53,0
strided_pow2,mod,54,0
strided_pow2,mod,55,0
strided_pow2,mod,56,0
strided_pow2,mod,57,0
strided_pow2,mod,58,0
strided_pow2,mod,59,0
strided_pow2,mod,60,0
strided_pow2,mod,61,0
strided_pow2,mod,62,0
strided_pow2,mod,63,0
strided_pow2,mod,64,0
strided_pow2,mod,65,0
strided_pow2,mod,66,0
strided_pow2,mod,67,0
strided_pow2,mod,68,0
strided_pow2,mod,69,0
strided_pow2,mod,70,0
strided_pow2,mod,71,0
strided_pow2,mod,72,0
strided_pow2,mod,73,0
strided_pow2,mod,74,0
strided_pow2,mod,75,0
strided_pow2,mod,76,0
strided_pow2,mod,77,0
strided_pow2,mod,78,0
strided_pow2,mod,79,0
strided_pow2,mod,80,0
strided_pow2,mod,81,0
strided_pow2,mod,82,0
strided_pow2,mod,83,0
strided_pow2,mod,84,0
strided_pow2,mod,85,0
strided_pow2,mod,86,0
strided_pow2,mod,87,0
strided_pow2,mod,88,0
strided_pow2,mod,89,0
strided_pow2,mod,90,0
strided_pow2,mod,91,0
strided_pow2,mod,92,0
strided_pow2,mod,93,0
strided_pow2,mod,94,0
strided_pow2,mod,95,0
strided_pow2,mod,96,0
strided_pow2,mod,97,0
strided_pow2,mod,98,0
strided_pow2,mod,99,0
strided_pow2,mod,100,0
strided_pow2,mod,101,0
strided_pow2,mod,102,0
strided_pow2,mod,103,0
strided_pow2,mod,104,0
strided_pow2,mod,105,0
strided_pow2,mod,106,0
strided_pow2,mod,107,0
strided_pow2,mod,108,0
strided_pow2,mod,109,0
strided_pow2,mod,110,0
strided_pow2,mod,111,0
strided_pow2,mod,112,0
strided_pow2,mod,113,0
strided_pow2,mod,114,0
strided_pow2,mod,115,0
strided_pow2,mod,116,0
strided_pow2,mod,117,0
strided_pow2,mod,118,0
strided_pow2,mod,119,0
strided_pow2,mod,120,0
strided_pow2,mod,121,0
strided_pow2,mod,122,0
strided_pow2,mod,123,0
strided_pow2,mod,124,0
strided_pow2,mod,125,0
strided_pow2,mod,126,0
strided_pow2,mod,127,0
strided_pow2,mod,128,0
strided_pow2,mod,129,0
strided_pow2,mod,130,0
strided_pow2,mod,131,0
strided_pow2,mod,132,0
strided_pow2,mod,133,0
strided_pow2,mod,134,0
strided_pow2,mod,135,0
strided_pow2,mod,136,0
strided_pow2,mod,137,0
strided_pow2,mod,138,0
strided_pow2,mod,139,0
strided_pow2,mod,140,0
strided_pow2,mod,141,0
strided_pow2,mod,142,0
strided_pow2,mod,143,0
strided_pow2,mod,144,0
strided_pow2,mod,145,0
strided_pow2,mod,146,0
strided_pow2,mod,147,0
strided_pow2,mod,148,0
strided_pow2,mod,149,0
strided_pow2,mod,150,0
strided_pow2,mod,151,0
strided_pow2,mod,152,0
strided_pow2,mod,153,0
strided_pow2,mod,154,0
strided_pow2,mod,155,0
strided_pow2,mod,156,0
strided_pow2,mod,157,0
strided_pow2,mod,158,0
strided_pow2,mod,159,0
strided_pow2,mod,160,0
strided_pow2,mod,161,0
strided_pow2,mod,162,0
strided_pow2,mod,163,0
strided_pow2,mod,164,0
strided_pow2,mod,165,0
strided_pow2,mod,166,0
strided_pow2,mod,167,0
strided_pow2,mod,168,0
strided_pow2,mod,169,0
strided_pow2,mod,170,0
strided_pow2,mod,171,0
strided_pow2,mod,172,0
strided_pow2,mod,173,0
strided_pow2,mod,174,0
strided_pow2,mod,175,0
strided_pow2,mod,176,0
strided_pow2,mod,177,0
strided_pow2,mod,178,0
strided_pow2,mod,179,0
strided_pow2,mod,180,0
strided_pow2,mod,181,0
strided_pow2,mod,182,0
strided_pow2,mod,183,0
strided_pow2,mod,184,0
strided_pow2,mod,185,0
strided_pow2,mod,186,0
strided_pow2,mod,187,0
strided_pow2,mod,188,0
strided_pow2,mod,189,0
strided_pow2,mod,190,0
strided_pow2,mod,191,0
strided_pow2,mod,192,0
strided_pow2,mod,193,0
strided_pow2,mod,194,0
strided_pow2,mod,195,0
strided_pow2,mod,196,0
strided_pow2,mod,197,0
strided_pow2,mod,198,0
strided_pow2,mod,199,0
strided_pow2,mod,200,0
strided_pow2,mod,201,0
strided_pow2,mod,202,0
strided_pow2,mod,203,0
strided_pow2,mod,204,0
strided_pow2,mod,205,0
strided_pow2,mod,206,0
strided_pow2,mod,207,0
strided_pow2,mod,208,0
strided_pow2,mod,209,0
strided_pow2,mod,210,0
strided_pow2,mod,211,0
strided_pow2,mod,212,0
strided_pow2,mod,213,0
strided_pow2,mod,214,0
strided_pow2,mod,215,0
strided_pow2,mod,216,0
strided_pow2,mod,217,0
strided_pow2,mod,218,0
strided_pow2,mod,219,0
strided_pow2,mod,220,0
strided_pow2,mod,221,0
strided_pow2,mod,222,0
strided_pow2,mod,223,0
strided_pow2,mod,224,0
strided_pow2,mod,225,0
strided_pow2,mod,226,0
strided_pow2,mod,227,0
strided_pow2,mod,228,0
strided_pow2,mod,229,0
strided_pow2,mod,230,0
strided_pow2,mod,231,0
strided_pow2,mod,232,0
strided_pow2,mod,233,0
strided_pow2,mod,234,0
strided_pow2,mod,235,0
strided_pow2,mod,236,0
strided_pow2,mod,237,0
strided_pow2,mod,238,0
strided_pow2,mod,239,0
strided_pow2,mod,240,0
strided_pow2,mod,241,0
strided_pow2,mod,242,0
strided_pow2,mod,243,0
strided_pow2,mod,244,0
strided_pow2,mod,245,0
strided_pow2,mod,246,0
strided_pow2,mod,247,0
strided_pow2,mod,248,0
strided_pow2,mod,249,0
strided_pow2,mod,250,0
strided_pow2,mod,251,0
strided_pow2,mod,252,0
strided_pow2,mod,253,0
strided_pow2,mod,254,0
strided_pow2,mod,255,0
strided_pow2,fib64,0,390634
strided_pow2,fib64,1,390629
strided_pow2,fib64,2,390624
strided_pow2,fib64,3,390620
strided_pow2,fib64,4,390621
strided_pow2,fib64,5,390629
strided_pow2,fib64,6,390633
strided_pow2,fib64,7,390625
strided_pow2,fib64,8,390619
strided_pow2,fib64,9,390620
strided_pow2,fib64,10,390626
strided_pow2,fib64,11,390633
strided_pow2,fib64,12,390625
strided_pow2,fib64,13,390624
strided_pow2,fib64,14,390617
strided_pow2,fib64,15,390623
strided_pow2,fib64,16,390630
strided_pow2,fib64,17,390634
strided_pow2,fib64,18,390619
strided_pow2,fib64,19,390622
strided_pow2,fib64,20,390620
strided_pow2,fib64,21,390631
strided_pow2,fib64,22,390630
strided_pow2,fib64,23,390626
strided_pow2,fib64,24,390620
strided_pow2,fib64,25,390622
strided_pow2,fib64,26,390623
strided_pow2,fib64,27,390633
strided_pow2,fib64,28,390628
strided_pow2,fib64,29,390619
strided_pow2,fib64,30,390623
strided_pow2,fib64,31,390619
strided_pow2,fib64,32,390634
strided_pow2,fib64,33,390629
strided_pow2,fib64,34,390622
strided_pow2,fib64,35,390621
strided_pow2,fib64,36,390622
strided_pow2,fib64,37,390626
strided_pow2,fib64,38,390636
strided_pow2,fib64,39,390621
strided_pow2,fib64,40,390623
strided_pow2,fib64,41,390618
strided_pow2,fib64,42,390628
strided_pow2,fib64,43,390630
strided_pow2,fib64,44,390628
strided_pow2,fib64,45,390621
strided_pow2,fib64,46,390621
strided_pow2,fib64,47,390620
strided_pow2,fib64,48,390632
strided_pow2,fib64,49,390633
strided_pow2,fib64,50,390620
strided_pow2,fib64,51,390621
strided_pow2,fib64,52,390620
strided_pow2,fib64,53,390631
strided_pow2,fib64,54,390630
strided_pow2,fib64,55,390626
strided_pow2,fib64,56,390620
strided_pow2,fib64,57,390622
strided_pow2,fib64,58,390623
strided_pow2,fib64,59,390634
strided_pow2,fib64,60,390626
strided_pow2,fib64,61,390622
strided_pow2,fib64,62,390617
strided_pow2,fib64,63,390625
strided_pow2,fib64,64,390630
strided_pow2,fib64,65,390632
strided_pow2,fib64,66,390619
strided_pow2,fib64,67,390623
strided_pow2,fib64,68,390620
strided_pow2,fib64,69,390629
strided_pow2,fib64,70,390634
strided_pow2,fib64,71,390623
strided_pow2,fib64,72,390622
strided_pow2,fib64,73,390620
strided_pow2,fib64,74,390627
strided_pow2,fib64,75,390630
strided_pow2,fib64,76,390628
strided_pow2,fib64,77,390619
strided_pow2,fib64,78,390624
strided_pow2,fib64,79,390617
strided_pow2,fib64,80,390635
strided_pow2,fib64,81,390629
strided_pow2,fib64,82,390622
strided_pow2,fib64,83,390619
strided_pow2,fib64,84,390623
strided_pow2,fib64,85,390627
strided_pow2,fib64,86,390634
strided_pow2,fib64,87,390622
strided_pow2,fib64,88,390624
strided_pow2,fib64,89,390620
strided_pow2,fib64,90,390625
strided_pow2,fib64,91,390632
strided_pow2,fib64,92,390628
strided_pow2,fib64,93,390621
strided_pow2,fib64,94,390619
strided_pow2,fib64,95,390624
strided_pow2,fib64,96,390629
strided_pow2,fib64,97,390633
strided_pow2,fib64,98,390619
strided_pow2,fib64,99,390623
strided_pow2,fib64,100,390618
strided_pow2,fib64,101,390630
strided_pow2,fib64,102,390632
strided_pow2,fib64,103,390626
strided_pow2,fib64,104,390618
strided_pow2,fib64,105,390623
strided_pow2,fib64,106,390624
strided_pow2,fib64,107,390634
strided_pow2,fib64,108,390626
strided_pow2,fib64,109,390622
strided_pow2,fib64,110,390619
strided_pow2,fib64,111,390622
strided_pow2,fib64,112,390632
strided_pow2,fib64,113,390632
strided_pow2,fib64,114,390621
strided_pow2,fib64,115,390619
strided_pow2,fib64,116,390623
strided_pow2,fib64,117,390627
strided_pow2,fib64,118,390633
strided_pow2,fib64,119,390622
strided_pow2,fib64,120,390624
strided_pow2,fib64,121,390619
strided_pow2,fib64,122,390626
strided_pow2,fib64,123,390632
strided_pow2,fib64,124,390629
strided_pow2,fib64,125,390619
strided_pow2,fib64,126,390623
strided_pow2,fib64,127,390619
strided_pow2,fib64,128,390634
strided_pow2,fib64,129,390629
strided_pow2,fib64,130,390622
strided_pow2,fib64,131,390622
strided_pow2,fib64,132,390620
strided_pow2,fib64,133,390627
strided_pow2,fib64,134,390634
strided_pow2,fib64,135,390623
strided_pow2,fib64,136,390620
strided_pow2,fib64,137,390623
strided_pow2,fib64,138,390623
strided_pow2,fib64,139,390634
strided_pow2,fib64,140,390626
strided_pow2,fib64,141,390622
strided_pow2,fib64,142,390621
strided_pow2,fib64,143,390622
strided_pow2,fib64,144,390629
strided_pow2,fib64,145,390635
strided_pow2,fib64,146,390617
strided_pow2,fib64,147,390623
strided_pow2,fib64,148,390619
strided_pow2,fib64,149,390631
strided_pow2,fib64,150,390630
strided_pow2,fib64,151,390624
strided_pow2,fib64,152,390622
strided_pow2,fib64,153,390620
strided_pow2,fib64,154,390624
strided_pow2,fib64,155,390633
strided_pow2,fib64,156,390629
strided_pow2,fib64,157,390621
strided_pow2,fib64,158,390621
strided_pow2,fib64,159,390621
strided_pow2,fib64,160,390634
strided_pow2,fib64,161,390628
strided_pow2,fib64,162,390624
strided_pow2,fib64,163,390618
strided_pow2,fib64,164,390622
strided_pow2,fib64,165,390627
strided_pow2,fib64,166,390634
strided_pow2,fib64,167,390622
strided_pow2,fib64,168,390622
strided_pow2,fib64,169,390618
strided_pow2,fib64,170,390628
strided_pow2,fib64,171,390630
strided_pow2,fib64,172,390628
strided_pow2,fib64,173,390622
strided_pow2,fib64,174,390622
strided_pow2,fib64,175,390621
strided_pow2,fib64,176,390632
strided_pow2,fib64,177,390631
strided_pow2,fib64,178,390621
strided_pow2,fib64,179,390621
strided_pow2,fib64,180,390621
strided_pow2,fib64,181,390630
strided_pow2,fib64,182,390629
strided_pow2,fib64,183,390625
strided_pow2,fib64,184,390620
strided_pow2,fib64,185,390622
strided_pow2,fib64,186,390622
strided_pow2,fib64,187,390634
strided_pow2,fib64,188,390627
strided_pow2,fib64,189,390622
strided_pow2,fib64,190,390619
strided_pow2,fib64,191,390625
strided_pow2,fib64,192,390629
strided_pow2,fib64,193,390634
strided_pow2,fib64,194,390619
strided_pow2,fib64,195,390622
strided_pow2,fib64,196,390621
strided_pow2,fib64,197,390627
strided_pow2,fib64,198,390633
strided_pow2,fib64,199,390624
strided_pow2,fib64,200,390620
strided_pow2,fib64,201,390621
strided_pow2,fib64,202,390626
strided_pow2,fib64,203,390629
strided_pow2,fib64,204,390630
strided_pow2,fib64,205,390620
strided_pow2,fib64,206,390623
strided_pow2,fib64,207,390619
strided_pow2,fib64,208,390633
strided_pow2,fib64,209,390632
strided_pow2,fib64,210,390622
strided_pow2,fib64,211,390618
strided_pow2,fib64,212,390624
strided_pow2,fib64,213,390625
strided_pow2,fib64,214,390635
strided_pow2,fib64,215,390621
strided_pow2,fib64,216,390623
strided_pow2,fib64,217,390620
strided_pow2,fib64,218,390624
strided_pow2,fib64,219,390634
strided_pow2,fib64,220,390626
strided_pow2,fib64,221,390621
strided_pow2,fib64,222,390621
strided_pow2,fib64,223,390623
strided_pow2,fib64,224,390632
strided_pow2,fib64,225,390631
strided_pow2,fib64,226,390620
strided_pow2,fib64,227,390624
strided_pow2,fib64,228,390617
strided_pow2,fib64,229,390630
strided_pow2,fib64,230,390631
strided_pow2,fib64,231,390625
strided_pow2,fib64,232,390619
strided_pow2,fib64,233,390622
strided_pow2,fib64,234,390623
strided_pow2,fib64,235,390634
strided_pow2,fib64,236,390625
strided_pow2,fib64,237,390624
strided_pow2,fib64,238,390620
strided_pow2,fib64,239,390621
strided_pow2,fib64,240,390632
strided_pow2,fib64,241,390633
strided_pow2,fib64,242,390621
strided_pow2,fib64,243,390620
strided_pow2,fib64,244,390622
strided_pow2,fib64,245,390627
strided_pow2,fib64,246,390634
strided_pow2,fib64,247,390621
strided_pow2,fib64,248,390624
strided_pow2,fib64,249,390618
strided_pow2,fib64,250,390626
strided_pow2,fib64,251,390630
strided_pow2,fib64,252,390630
strided_pow2,fib64,253,390618
strided_pow2,fib64,254,390622
strided_pow2,fib64,255,390621
strided_pow2,mult32_nofold,0,390627
strided_pow2,mult32_nofold,1,390622
strided_pow2,mult32_nofold,2,390629
strided_pow2,mult32_nofold,3,390621
strided_pow2,mult32_nofold,4,390628
strided_pow2,mult32_nofold,5,390623
strided_pow2,mult32_nofold,6,390626
strided_pow2,mult32_nofold,7,390624
strided_pow2,mult32_nofold,8,390627
strided_pow2,mult32_nofold,9,390623
strided_pow2,mult32_nofold,10,390626
strided_pow2,mult32_nofold,11,390626
strided_pow2,mult32_nofold,12,390623
strided_pow2,mult32_nofold,13,390626
strided_pow2,mult32_nofold,14,390624
strided_pow2,mult32_nofold,15,390626
strided_pow2,mult32_nofold,16,390623
strided_pow2,mult32_nofold,17,390629
strided_pow2,mult32_nofold,18,390621
strided_pow2,mult32_nofold,19,390629
strided_pow2,mult32_nofold,20,390621
strided_pow2,mult32_nofold,21,390628
strided_pow2,mult32_nofold,22,390621
strided_pow2,mult32_nofold,23,390630
strided_pow2,mult32_nofold,24,390621
strided_pow2,mult32_nofold,25,390628
strided_pow2,mult32_nofold,26,390623
strided_pow2,mult32_nofold,27,390627
strided_pow2,mult32_nofold,28,390623
strided_pow2,mult32_nofold,29,390626
strided_pow2,mult32_nofold,30,390625
strided_pow2,mult32_nofold,31,390624
strided_pow2,mult32_nofold,32,390627
strided_pow2,mult32_nofold,33,390623
strided_pow2,mult32_nofold,34,390627
strided_pow2,mult32_nofold,35,390623
strided_pow2,mult32_nofold,36,390628
strided_pow2,mult32_nofold,37,390621
strided_pow2,mult32_nofold,38,390629
strided_pow2,mult32_nofold,39,390622
strided_pow2,mult32_nofold,40,390628
strided_pow2,mult32_nofold,41,390621
strided_pow2,mult32_nofold,42,390629
strided_pow2,mult32_nofold,43,390621
strided_pow2,mult32_nofold,44,390628
strided_pow2,mult32_nofold,45,390623
strided_pow2,mult32_nofold,46,390626
strided_pow2,mult32_nofold,47,390624
strided_pow2,mult32_nofold,48,390626
strided_pow2,mult32_nofold,49,390624
strided_pow2,mult32_nofold,50,390625
strided_pow2,mult32_nofold,51,390627
strided_pow2,mult32_nofold,52,390623
strided_pow2,mult32_nofold,53,390627
strided_pow2,mult32_nofold,54,390624
strided_pow2,mult32_nofold,55,390626
strided_pow2,mult32_nofold,56,390623
strided_pow2,mult32_nofold,57,390628
strided_pow2,mult32_nofold,58,390622
strided_pow2,mult32_nofold,59,390627
strided_pow2,mult32_nofold,60,390623
strided_pow2,mult32_nofold,61,390627
strided_pow2,mult32_nofold,62,390622
strided_pow2,mult32_nofold,63,390628
strided_pow2,mult32_nofold,64,390623
strided_pow2,mult32_nofold,65,390626
strided_pow2,mult32_nofold,66,390625
strided_pow2,mult32_nofold,67,390626
strided_pow2,mult32_nofold,68,390623
strided_pow2,mult32_nofold,69,390627
strided_pow2,mult32_nofold,70,390624
strided_pow2,mult32_nofold,71,390625
strided_pow2,mult32_nofold,72,390625
strided_pow2,mult32_nofold,73,390626
strided_pow2,mult32_nofold,74,390624
strided_pow2,mult32_nofold,75,390625
strided_pow2,mult32_nofold,76,390626
strided_pow2,mult32_nofold,77,390623
strided_pow2,mult32_nofold,78,390627
strided_pow2,mult32_nofold,79,390624
strided_pow2,mult32_nofold,80,390625
strided_pow2,mult32_nofold,81,390624
strided_pow2,mult32_nofold,82,390628
strided_pow2,mult32_nofold,83,390621
strided_pow2,mult32_nofold,84,390628
strided_pow2,mult32_nofold,85,390623
strided_pow2,mult32_nofold,86,390627
strided_pow2,mult32_nofold,87,390623
strided_pow2,mult32_nofold,88,390628
strided_pow2,mult32_nofold,89,390621
strided_pow2,mult32_nofold,90,390628
strided_pow2,mult32_nofold,91,390623
strided_pow2,mult32_nofold,92,390626
strided_pow2,mult32_nofold,93,390624
strided_pow2,mult32_nofold,94,390627
strided_pow2,mult32_nofold,95,390624
strided_pow2,mult32_nofold,96,390625
strided_pow2,mult32_nofold,97,390626
strided_pow2,mult32_nofold,98,390624
strided_pow2,mult32_nofold,99,390626
strided_pow2,mult32_nofold,100,390623
strided_pow2,mult32_nofold,101,390628
strided_pow2,mult32_nofold,102,390622
strided_pow2,mult32_nofold,103,390628
strided_pow2,mult32_nofold,104,390622
strided_pow2,mult32_nofold,105,390628
strided_pow2,mult32_nofold,106,390621
strided_pow2,mult32_nofold,107,390630
strided_pow2,mult32_nofold,108,390620
strided_pow2,mult32_nofold,109,390629
strided_pow2,mult32_nofold,110,390623
strided_pow2,mult32_nofold,111,390626
strided_pow2,mult32_nofold,112,390623
strided_pow2,mult32_nofold,113,390627
strided_pow2,mult32_nofold,114,390623
strided_pow2,mult32_nofold,115,390626
strided_pow2,mult32_nofold,116,390626
strided_pow2,mult32_nofold,117,390623
strided_pow2,mult32_nofold,118,390627
strided_pow2,mult32_nofold,119,390624
strided_pow2,mult32_nofold,120,390626
strided_pow2,mult32_nofold,121,390623
strided_pow2,mult32_nofold,122,390629
strided_pow2,mult32_nofold,123,390620
strided_pow2,mult32_nofold,124,390630
strided_pow2,mult32_nofold,125,390621
strided_pow2,mult32_nofold,126,390628
strided_pow2,mult32_nofold,127,390621
strided_pow2,mult32_nofold,128,390629
strided_pow2,mult32_nofold,129,390621
strided_pow2,mult32_nofold,130,390628
strided_pow2,mult32_nofold,131,390624
strided_pow2,mult32_nofold,132,390625
strided_pow2,mult32_nofold,133,390625
strided_pow2,mult32_nofold,134,390625
strided_pow2,mult32_nofold,135,390625
strided_pow2,mult32_nofold,136,390624
strided_pow2,mult32_nofold,137,390626
strided_pow2,mult32_nofold,138,390624
strided_pow2,mult32_nofold,139,390626
strided_pow2,mult32_nofold,140,390624
strided_pow2,mult32_nofold,141,390627
strided_pow2,mult32_nofold,142,390622
strided_pow2,mult32_nofold,143,390628
strided_pow2,mult32_nofold,144,390623
strided_pow2,mult32_nofold,145,390627
strided_pow2,mult32_nofold,146,390622
strided_pow2,mult32_nofold,147,390628
strided_pow2,mult32_nofold,148,390621
strided_pow2,mult32_nofold,149,390628
strided_pow2,mult32_nofold,150,390624
strided_pow2,mult32_nofold,151,390625
strided_pow2,mult32_nofold,152,390625
strided_pow2,mult32_nofold,153,390626
strided_pow2,mult32_nofold,154,390624
strided_pow2,mult32_nofold,155,390626
strided_pow2,mult32_nofold,156,390625
strided_pow2,mult32_nofold,157,390624
strided_pow2,mult32_nofold,158,390625
strided_pow2,mult32_nofold,159,390626
strided_pow2,mult32_nofold,160,390624
strided_pow2,mult32_nofold,161,390625
strided_pow2,mult32_nofold,162,390626
strided_pow2,mult32_nofold,163,390623
strided_pow2,mult32_nofold,164,390627
strided_pow2,mult32_nofold,165,390624
strided_pow2,mult32_nofold,166,390627
strided_pow2,mult32_nofold,167,390622
strided_pow2,mult32_nofold,168,390628
strided_pow2,mult32_nofold,169,390621
strided_pow2,mult32_nofold,170,390628
strided_pow2,mult32_nofold,171,390623
strided_pow2,mult32_nofold,172,390628
strided_pow2,mult32_nofold,173,390622
strided_pow2,mult32_nofold,174,390628
strided_pow2,mult32_nofold,175,390623
strided_pow2,mult32_nofold,176,390626
strided_pow2,mult32_nofold,177,390624
strided_pow2,mult32_nofold,178,390626
strided_pow2,mult32_nofold,179,390623
strided_pow2,mult32_nofold,180,390627
strided_pow2,mult32_nofold,181,390625
strided_pow2,mult32_nofold,182,390624
strided_pow2,mult32_nofold,183,390626
strided_pow2,mult32_nofold,184,390624
strided_pow2,mult32_nofold,185,390626
strided_pow2,mult32_nofold,186,390623
strided_pow2,mult32_nofold,187,390629
strided_pow2,mult32_nofold,188,390621
strided_pow2,mult32_nofold,189,390629
strided_pow2,mult32_nofold,190,390621
strided_pow2,mult32_nofold,191,390628
strided_pow2,mult32_nofold,192,390621
strided_pow2,mult32_nofold,193,390630
strided_pow2,mult32_nofold,194,390620
strided_pow2,mult32_nofold,195,390629
strided_pow2,mult32_nofold,196,390623
strided_pow2,mult32_nofold,197,390626
strided_pow2,mult32_nofold,198,390624
strided_pow2,mult32_nofold,199,390626
strided_pow2,mult32_nofold,200,390624
strided_pow2,mult32_nofold,201,390625
strided_pow2,mult32_nofold,202,390626
strided_pow2,mult32_nofold,203,390623
strided_pow2,mult32_nofold,204,390627
strided_pow2,mult32_nofold,205,390624
strided_pow2,mult32_nofold,206,390627
strided_pow2,mult32_nofold,207,390622
strided_pow2,mult32_nofold,208,390629
strided_pow2,mult32_nofold,209,390621
strided_pow2,mult32_nofold,210,390629
strided_pow2,mult32_nofold,211,390621
strided_pow2,mult32_nofold,212,390629
strided_pow2,mult32_nofold,213,390620
strided_pow2,mult32_nofold,214,390629
strided_pow2,mult32_nofold,215,390623
strided_pow2,mult32_nofold,216,390626
strided_pow2,mult32_nofold,217,390624
strided_pow2,mult32_nofold,218,390626
strided_pow2,mult32_nofold,219,390624
strided_pow2,mult32_nofold,220,390625
strided_pow2,mult32_nofold,221,390627
strided_pow2,mult32_nofold,222,390623
strided_pow2,mult32_nofold,223,390627
strided_pow2,mult32_nofold,224,390624
strided_pow2,mult32_nofold,225,390625
strided_pow2,mult32_nofold,226,390624
strided_pow2,mult32_nofold,227,390627
strided_pow2,mult32_nofold,228,390622
strided_pow2,mult32_nofold,229,390628
strided_pow2,mult32_nofold,230,390623
strided_pow2,mult32_nofold,231,390627
strided_pow2,mult32_nofold,232,390622
strided_pow2,mult32_nofold,233,390628
strided_pow2,mult32_nofold,234,390621
strided_pow2,mult32_nofold,235,390628
strided_pow2,mult32_nofold,236,390624
strided_pow2,mult32_nofold,237,390625
strided_pow2,mult32_nofold,238,390625
strided_pow2,mult32_nofold,239,390627
strided_pow2,mult32_nofold,240,390623
strided_pow2,mult32_nofold,241,390626
strided_pow2,mult32_nofold,242,390625
strided_pow2,mult32_nofold,243,390625
strided_pow2,mult32_nofold,244,390625
strided_pow2,mult32_nofold,245,390625
strided_pow2,mult32_nofold,246,390625
strided_pow2,mult32_nofold,247,390624
strided_pow2,mult32_nofold,248,390626
strided_pow2,mult32_nofold,249,390624
strided_pow2,mult32_nofold,250,390626
strided_pow2,mult32_nofold,251,390624
strided_pow2,mult32_nofold,252,390628
strided_pow2,mult32_nofold,253,390621
strided_pow2,mult32_nofold,254,390628
strided_pow2,mult32_nofold,255,390623
low16_zero,fib32,0,390555
low16_zero,fib32,1,390170
low16_zero,fib32,2,390085
low16_zero,fib32,3,389478
low16_zero,fib32,4,391337
low16_zero,fib32,5,390301
low16_zero,fib32,6,390644
low16_zero,fib32,7,391052
low16_zero,fib32,8,389727
low16_zero,fib32,9,390340
low16_zero,fib32,10,390600
low16_zero,fib32,11,390576
low16_zero,fib32,12,390181
low16_zero,fib32,13,389881
low16_zero,fib32,14,390540
low16_zero,fib32,15,390508
low16_zero,fib32,16,390771
low16_zero,fib32,17,390954
low16_zero,fib32,18,390755
low16_zero,fib32,19,391124
low16_zero,fib32,20,390071
low16_zero,fib32,21,390412
low16_zero,fib32,22,390790
low16_zero,fib32,23,390166
low16_zero,fib32,24,391189
low16_zero,fib32,25,392295
low16_zero,fib32,26,391707
low16_zero,fib32,27,390202
low16_zero,fib32,28,390537
low16_zero,fib32,29,389375
low16_zero,fib32,30,390763
low16_zero,fib32,31,391178
low16_zero,fib32,32,390935
low16_zero,fib32,33,390888
low16_zero,fib32,34,390898
low16_zero,fib32,35,389445
low16_zero,fib32,36,391882
low16_zero,fib32,37,391233
low16_zero,fib32,38,391912
low16_zero,fib32,39,391365
low16_zero,fib32,40,391491
low16_zero,fib32,41,391359
low16_zero,fib32,42,391413
low16_zero,fib32,43,389242
low16_zero,fib32,44,390526
low16_zero,fib32,45,390364
low16_zero,fib32,46,389440
low16_zero,fib32,47,390838
low16_zero,fib32,48,390290
low16_zero,fib32,49,390077
low16_zero,fib32,50,391400
low16_zero,fib32,51,390498
low16_zero,fib32,52,391572
low16_zero,fib32,53,390045
low16_zero,fib32,54,390707
low16_zero,fib32,55,391183
low16_zero,fib32,56,390258
low16_zero,fib32,57,391095
low16_zero,fib32,58,391381
low16_zero,fib32,59,390614
low16_zero,fib32,60,390626
low16_zero,fib32,61,391281
low16_zero,fib32,62,390485
low16_zero,fib32,63,391340
low16_zero,fib32,64,390981
low16_zero,fib32,65,390242
low16_zero,fib32,66,389942
low16_zero,fib32,67,390841
low16_zero,fib32,68,390397
low16_zero,fib32,69,391002
low16_zero,fib32,70,391143
low16_zero,fib32,71,390865
low16_zero,fib32,72,390934
low16_zero,fib32,73,390509
low16_zero,fib32,74,391047
low16_zero,fib32,75,390615
low16_zero,fib32,76,392315
low16_zero,fib32,77,390698
low16_zero,fib32,78,390431
low16_zero,fib32,79,389994
low16_zero,fib32,80,390163
low16_zero,fib32,81,390660
low16_zero,fib32,82,391603
low16_zero,fib32,83,390099
low16_zero,fib32,84,390798
low16_zero,fib32,85,389976
low16_zero,fib32,86,390616
low16_zero,fib32,87,391866
low16_zero,fib32,88,392182
low16_zero,fib32,89,390516
low16_zero,fib32,90,391688
low16_zero,fib32,91,390522
low16_zero,fib32,92,390817
low16_zero,fib32,93,390770
low16_zero,fib32,94,390072
low16_zero,fib32,95,391031
low16_zero,fib32,96,391974
low16_zero,fib32,97,390752
low16_zero,fib32,98,390613
low16_zero,fib32,99,390003
low16_zero,fib32,100,391152
low16_zero,fib32,101,390716
low16_zero,fib32,102,390730
low16_zero,fib32,103,391180
low16_zero,fib32,104,390405
low16_zero,fib32,105,389908
low16_zero,fib32,106,390128
low16_zero,fib32,107,388810
low16_zero,fib32,108,390851
low16_zero,fib32,109,390744
low16_zero,fib32,110,390475
low16_zero,fib32,111,389573
low16_zero,fib32,112,391633
low16_zero,fib32,113,390708
low16_zero,fib32,114,390761
low16_zero,fib32,115,391345
low16_zero,fib32,116,390419
low16_zero,fib32,117,391165
low16_zero,fib32,118,391009
low16_zero,fib32,119,390922
low16_zero,fib32,120,390838
low16_zero,fib32,121,390999
low16_zero,fib32,122,390684
low16_zero,fib32,123,390009
low16_zero,fib32,124,390237
low16_zero,fib32,125,391346
low16_zero,fib32,126,391410
low16_zero,fib32,127,391562
low16_zero,fib32,128,389307
low16_zero,fib32,129,391750
low16_zero,fib32,130,390273
low16_zero,fib32,131,390664
low16_zero,fib32,132,391250
low16_zero,fib32,133,391157
low16_zero,fib32,134,391653
low16_zero,fib32,135,390304
low16_zero,fib32,136,390684
low16_zero,fib32,137,390725
low16_zero,fib32,138,390712
low16_zero,fib32,139,389768
low16_zero,fib32,140,391046
low16_zero,fib32,141,389334
low16_zero,fib32,142,389861
low16_zero,fib32,143,391072
low16_zero,fib32,144,390562
low16_zero,fib32,145,390022
low16_zero,fib32,146,390164
low16_zero,fib32,147,390405
low16_zero,fib32,148,390095
low16_zero,fib32,149,391375
low16_zero,fib32,150,390888
low16_zero,fib32,151,391088
low16_zero,fib32,152,390893
low16_zero,fib32,153,390399
low16_zero,fib32,154,390505
low16_zero,fib32,155,390541
low16_zero,fib32,156,389915
low16_zero,fib32,157,390974
low16_zero,fib32,158,389098
low16_zero,fib32,159,390874
low16_zero,fib32,160,390423
low16_zero,fib32,161,390581
low16_zero,fib32,162,390103
low16_zero,fib32,163,390421
low16_zero,fib32,164,390367
low16_zero,fib32,165,391276
low16_zero,fib32,166,391680
low16_zero,fib32,167,390361
low16_zero,fib32,168,391329
low16_zero,fib32,169,390677
low16_zero,fib32,170,390063
low16_zero,fib32,171,389795
low16_zero,fib32,172,390768
low16_zero,fib32,173,390632
low16_zero,fib32,174,391364
low16_zero,fib32,175,390163
low16_zero,fib32,176,390312
low16_zero,fib32,177,389549
low16_zero,fib32,178,390726
low16_zero,fib32,179,390878
low16_zero,fib32,180,389459
low16_zero,fib32,181,390411
low16_zero,fib32,182,390379
low16_zero,fib32,183,391167
low16_zero,fib32,184,391398
low16_zero,fib32,185,390382
low16_zero,fib32,186,392028
low16_zero,fib32,187,389512
low16_zero,fib32,188,390416
low16_zero,fib32,189,390561
low16_zero,fib32,190,390941
low16_zero,fib32,191,390573
low16_zero,fib32,192,389916
low16_zero,fib32,193,390205
low16_zero,fib32,194,390942
low16_zero,fib32,195,392134
low16_zero,fib32,196,391091
low16_zero,fib32,197,390214
low16_zero,fib32,198,390450
low16_zero,fib32,199,390207
low16_zero,fib32,200,391215
low16_zero,fib32,201,391071
low16_zero,fib32,202,390194
low16_zero,fib32,203,390202
low16_zero,fib32,204,390057
low16_zero,fib32,205,390551
low16_zero,fib32,206,390124
low16_zero,fib32,207,390003
low16_zero,fib32,208,390955
low16_zero,fib32,209,389904
low16_zero,fib32,210,390383
low16_zero,fib32,211,391149
low16_zero,fib32,212,389957
low16_zero,fib32,213,390315
low16_zero,fib32,214,390052
low16_zero,fib32,215,390502
low16_zero,fib32,216,391082
low16_zero,fib32,217,390517
low16_zero,fib32,218,390321
low16_zero,fib32,219,390955
low16_zero,fib32,220,389174
low16_zero,fib32,221,389686
low16_zero,fib32,222,390952
low16_zero,fib32,223,389223
low16_zero,fib32,224,390481
low16_zero,fib32,225,390789
low16_zero,fib32,226,390099
low16_zero,fib32,227,389761
low16_zero,fib32,228,389799
low16_zero,fib32,229,390146
low16_zero,fib32,230,391039
low16_zero,fib32,231,390744
low16_zero,fib32,232,390165
low16_zero,fib32,233,390086
low16_zero,fib32,234,390272
low16_zero,fib32,235,391120
low16_zero,fib32,236,390313
low16_zero,fib32,237,389700
low16_zero,fib32,238,389926
low16_zero,fib32,239,389482
low16_zero,fib32,240,390366
low16_zero,fib32,241,392486
low16_zero,fib32,242,389871
low16_zero,fib32,243,390933
low16_zero,fib32,244,390912
low16_zero,fib32,245,391187
low16_zero,fib32,246,391114
low16_zero,fib32,247,390724
low16_zero,fib32,248,391386
low16_zero,fib32,249,390933
low16_zero,fib32,250,389847
low16_zero,fib32,251,391687
low16_zero,fib32,252,390737
low16_zero,fib32,253,390385
low16_zero,fib32,254,389795
low16_zero,fib32,255,391216
low16_zero,fib32_lowbits,0,390079
low16_zero,fib32_lowbits,1,391101
low16_zero,fib32_lowbits,2,390373
low16_zero,fib32_lowbits,3,389706
low16_zero,fib32_lowbits,4,391210
low16_zero,fib32_lowbits,5,390563
low16_zero,fib32_lowbits,6,391076
low16_zero,fib32_lowbits,7,391126
low16_zero,fib32_lowbits,8,389481
low16_zero,fib32_lowbits,9,389989
low16_zero,fib32_lowbits,10,390803
low16_zero,fib32_lowbits,11,390884
low16_zero,fib32_lowbits,12,390422
low16_zero,fib32_lowbits,13,390531
low16_zero,fib32_lowbits,14,389482
low16_zero,fib32_lowbits,15,391171
low16_zero,fib32_lowbits,16,391472
low16_zero,fib32_lowbits,17,391207
low16_zero,fib32_lowbits,18,389180
low16_zero,fib32_lowbits,19,390644
low16_zero,fib32_lowbits,20,390860
low16_zero,fib32_lowbits,21,390864
low16_zero,fib32_lowbits,22,390345
low16_zero,fib32_lowbits,23,390381
low16_zero,fib32_lowbits,24,391641
low16_zero,fib32_lowbits,25,391458
low16_zero,fib32_lowbits,26,390671
low16_zero,fib32_lowbits,27,390591
low16_zero,fib32_lowbits,28,389821
low16_zero,fib32_lowbits,29,390683
low16_zero,fib32_lowbits,30,389973
low16_zero,fib32_lowbits,31,389641
low16_zero,fib32_lowbits,32,390317
low16_zero,fib32_lowbits,33,390786
low16_zero,fib32_lowbits,34,390212
low16_zero,fib32_lowbits,35,390203
low16_zero,fib32_lowbits,36,391110
low16_zero,fib32_lowbits,37,390808
low16_zero,fib32_lowbits,38,390184
low16_zero,fib32_lowbits,39,390401
low16_zero,fib32_lowbits,40,391472
low16_zero,fib32_lowbits,41,390893
low16_zero,fib32_lowbits,42,390219
low16_zero,fib32_lowbits,43,391058
low16_zero,fib32_lowbits,44,390131
low16_zero,fib32_lowbits,45,390832
low16_zero,fib32_lowbits,46,390205
low16_zero,fib32_lowbits,47,390036
low16_zero,fib32_lowbits,48,389927
low16_zero,fib32_lowbits,49,390734
low16_zero,fib32_lowbits,50,390943
low16_zero,fib32_lowbits,51,389656
low16_zero,fib32_lowbits,52,389819
low16_zero,fib32_lowbits,53,390305
low16_zero,fib32_lowbits,54,389971
low16_zero,fib32_lowbits,55,390836
low16_zero,fib32_lowbits,56,390483
low16_zero,fib32_lowbits,57,390047
low16_zero,fib32_lowbits,58,391734
low16_zero,fib32_lowbits,59,391125
low16_zero,fib32_lowbits,60,389922
low16_zero,fib32_lowbits,61,389577
low16_zero,fib32_lowbits,62,390614
low16_zero,fib32_lowbits,63,390678
low16_zero,fib32_lowbits,64,390630
low16_zero,fib32_lowbits,65,390185
low16_zero,fib32_lowbits,66,390668
low16_zero,fib32_lowbits,67,391342
low16_zero,fib32_lowbits,68,391488
low16_zero,fib32_lowbits,69,389515
low16_zero,fib32_lowbits,70,390056
low16_zero,fib32_lowbits,71,390089
low16_zero,fib32_lowbits,72,391021
low16_zero,fib32_lowbits,73,390587
low16_zero,fib32_lowbits,74,390602
low16_zero,fib32_lowbits,75,390162
low16_zero,fib32_lowbits,76,389486
low16_zero,fib32_lowbits,77,390782
low16_zero,fib32_lowbits,78,390827
low16_zero,fib32_lowbits,79,390085
low16_zero,fib32_lowbits,80,390400
low16_zero,fib32_lowbits,81,390714
low16_zero,fib32_lowbits,82,391084
low16_zero,fib32_lowbits,83,390086
low16_zero,fib32_lowbits,84,392227
low16_zero,fib32_lowbits,85,391183
low16_zero,fib32_lowbits,86,389193
low16_zero,fib32_lowbits,87,390623
low16_zero,fib32_lowbits,88,389439
low16_zero,fib32_lowbits,89,391002
low16_zero,fib32_lowbits,90,389343
low16_zero,fib32_lowbits,91,391146
low16_zero,fib32_lowbits,92,390790
low16_zero,fib32_lowbits,93,390692
low16_zero,fib32_lowbits,94,390528
low16_zero,fib32_lowbits,95,391048
low16_zero,fib32_lowbits,96,390498
low16_zero,fib32_lowbits,97,390667
low16_zero,fib32_lowbits,98,390284
low16_zero,fib32_lowbits,99,392505
low16_zero,fib32_lowbits,100,390965
low16_zero,fib32_lowbits,101,390451
low16_zero,fib32_lowbits,102,390781
low16_zero,fib32_lowbits,103,391753
low16_zero,fib32_lowbits,104,390172
low16_zero,fib32_lowbits,105,391506
low16_zero,fib32_lowbits,106,390600
low16_zero,fib32_lowbits,107,389724
low16_zero,fib32_lowbits,108,391228
low16_zero,fib32_lowbits,109,390325
low16_zero,fib32_lowbits,110,391374
low16_zero,fib32_lowbits,111,391013
low16_zero,fib32_lowbits,112,390655
low16_zero,fib32_lowbits,113,390324
low16_zero,fib32_lowbits,114,391141
low16_zero,fib32_lowbits,115,391630
low16_zero,fib32_lowbits,116,390552
low16_zero,fib32_lowbits,117,391220
low16_zero,fib32_lowbits,118,390587
low16_zero,fib32_lowbits,119,390925
low16_zero,fib32_lowbits,120,390153
low16_zero,fib32_lowbits,121,390523
low16_zero,fib32_lowbits,122,390726
low16_zero,fib32_lowbits,123,390586
low16_zero,fib32_lowbits,124,390154
low16_zero,fib32_lowbits,125,390219
low16_zero,fib32_lowbits,126,391118
low16_zero,fib32_lowbits,127,391752
low16_zero,fib32_lowbits,128,390614
low16_zero,fib32_lowbits,129,392143
low16_zero,fib32_lowbits,130,390672
low16_zero,fib32_lowbits,131,390696
low16_zero,fib32_lowbits,132,391137
low16_zero,fib32_lowbits,133,391531
low16_zero,fib32_lowbits,134,390060
low16_zero,fib32_lowbits,135,391263
low16_zero,fib32_lowbits,136,390400
low16_zero,fib32_lowbits,137,390585
low16_zero,fib32_lowbits,138,390908
low16_zero,fib32_lowbits,139,390930
low16_zero,fib32_lowbits,140,390566
low16_zero,fib32_lowbits,141,390513
low16_zero,fib32_lowbits,142,390200
low16_zero,fib32_lowbits,143,390117
low16_zero,fib32_lowbits,144,391920
low16_zero,fib32_lowbits,145,389372
low16_zero,fib32_lowbits,146,389901
low16_zero,fib32_lowbits,147,390491
low16_zero,fib32_lowbits,148,389758
low16_zero,fib32_lowbits,149,389709
low16_zero,fib32_lowbits,150,390149
low16_zero,fib32_lowbits,151,391179
low16_zero,fib32_lowbits,152,390030
low16_zero,fib32_lowbits,153,390533
low16_zero,fib32_lowbits,154,390767
low16_zero,fib32_lowbits,155,389758
low16_zero,fib32_lowbits,156,390698
low16_zero,fib32_lowbits,157,390589
low16_zero,fib32_lowbits,158,390815
low16_zero,fib32_lowbits,159,390887
low16_zero,fib32_lowbits,160,391391
low16_zero,fib32_lowbits,161,391323
low16_zero,fib32_lowbits,162,390712
low16_zero,fib32_lowbits,163,391816
low16_zero,fib32_lowbits,164,391084
low16_zero,fib32_lowbits,165,389770
low16_zero,fib32_lowbits,166,388710
low16_zero,fib32_lowbits,167,390308
low16_zero,fib32_lowbits,168,390473
low16_zero,fib32_lowbits,169,390587
low16_zero,fib32_lowbits,170,391606
low16_zero,fib32_lowbits,171,390353
low16_zero,fib32_lowbits,172,390271
low16_zero,fib32_lowbits,173,390757
low16_zero,fib32_lowbits,174,389841
low16_zero,fib32_lowbits,175,391497
low16_zero,fib32_lowbits,176,390892
low16_zero,fib32_lowbits,177,389818
low16_zero,fib32_lowbits,178,390614
low16_zero,fib32_lowbits,179,391077
low16_zero,fib32_lowbits,180,390319
low16_zero,fib32_lowbits,181,389961
low16_zero,fib32_lowbits,182,390554
low16_zero,fib32_lowbits,183,392100
low16_zero,fib32_lowbits,184,391253
low16_zero,fib32_lowbits,185,390906
low16_zero,fib32_lowbits,186,390978
low16_zero,fib32_lowbits,187,390962
low16_zero,fib32_lowbits,188,390029
low16_zero,fib32_lowbits,189,391208
low16_zero,fib32_lowbits,190,389901
low16_zero,fib32_lowbits,191,390070
low16_zero,fib32_lowbits,192,390747
low16_zero,fib32_lowbits,193,391352
low16_zero,fib32_lowbits,194,390572
low16_zero,fib32_lowbits,195,390289
low16_zero,fib32_lowbits,196,390180
low16_zero,fib32_lowbits,197,390298
low16_zero,fib32_lowbits,198,391169
low16_zero,fib32_lowbits,199,390468
low16_zero,fib32_lowbits,200,391414
low16_zero,fib32_lowbits,201,391181
low16_zero,fib32_lowbits,202,390745
low16_zero,fib32_lowbits,203,389869
low16_zero,fib32_lowbits,204,391252
low16_zero,fib32_lowbits,205,389669
low16_zero,fib32_lowbits,206,390199
low16_zero,fib32_lowbits,207,389729
low16_zero,fib32_lowbits,208,390300
low16_zero,fib32_lowbits,209,390239
low16_zero,fib32_lowbits,210,391445
low16_zero,fib32_lowbits,211,391373
low16_zero,fib32_lowbits,212,390164
low16_zero,fib32_lowbits,213,390196
low16_zero,fib32_lowbits,214,391760
low16_zero,fib32_lowbits,215,390273
low16_zero,fib32_lowbits,216,391303
low16_zero,fib32_lowbits,217,390359
low16_zero,fib32_lowbits,218,389712
low16_zero,fib32_lowbits,219,390680
low16_zero,fib32_lowbits,220,391130
low16_zero,fib32_lowbits,221,390865
low16_zero,fib32_lowbits,222,390616
low16_zero,fib32_lowbits,223,390222
low16_zero,fib32_lowbits,224,390499
low16_zero,fib32_lowbits,225,391262
low16_zero,fib32_lowbits,226,390591
low16_zero,fib32_lowbits,227,391693
low16_zero,fib32_lowbits,228,391633
low16_zero,fib32_lowbits,229,391436
low16_zero,fib32_lowbits,230,390754
low16_zero,fib32_lowbits,231,390794
low16_zero,fib32_lowbits,232,390005
low16_zero,fib32_lowbits,233,390205
low16_zero,fib32_lowbits,234,391355
low16_zero,fib32_lowbits,235,391317
low16_zero,fib32_lowbits,236,391180
low16_zero,fib32_lowbits,237,390096
low16_zero,fib32_lowbits,238,390256
low16_zero,fib32_lowbits,239,392348
low16_zero,fib32_lowbits,240,390303
low16_zero,fib32_lowbits,241,390779
low16_zero,fib32_lowbits,242,390702
low16_zero,fib32_lowbits,243,392020
low16_zero,fib32_lowbits,244,390154
low16_zero,fib32_lowbits,245,389602
low16_zero,fib32_lowbits,246,390274
low16_zero,fib32_lowbits,247,390541
low16_zero,fib32_lowbits,248,391197
low16_zero,fib32_lowbits,249,390282
low16_zero,fib32_lowbits,250,390042
low16_zero,fib32_lowbits,251,390787
low16_zero,fib32_lowbits,252,391491
low16_zero,fib32_lowbits,253,389319
low16_zero,fib32_lowbits,254,391107
low16_zero,fib32_lowbits,255,390373
low16_zero,mod,0,100000000
low16_zero,mod,1,0
low16_zero,mod,2,0
low16_zero,mod,3,0
low16_zero,mod,4,0
low16_zero,mod,5,0
low16_zero,mod,6,0
low16_zero,mod,7,0
low16_zero,mod,8,0
low16_zero,mod,9,0
low16_zero,mod,10,0
low16_zero,mod,11,0
low16_zero,mod,12,0
low16_zero,mod,13,0
low16_zero,mod,14,0
low16_zero,mod,15,0
low16_zero,mod,16,0
low16_zero,mod,17,0
low16_zero,mod,18,0
low16_zero,mod,19,0
low16_zero,mod,20,0
low16_zero,mod,21,0
low16_zero,mod,22,0
low16_zero,mod,23,0
low16_zero,mod,24,0
low16_zero,mod,25,0
low16_zero,mod,26,0
low16_zero,mod,27,0
low16_zero,mod,28,0
low16_zero,mod,29,0
low16_zero,mod,30,0
low16_zero,mod,31,0
low16_zero,mod,32,0
low16_zero,mod,33,0
low16_zero,mod,34,0
low16_zero,mod,35,0
low16_zero,mod,36,0
low16_zero,mod,37,0
low16_zero,mod,38,0
low16_zero,mod,39,0
low16_zero,mod,40,0
low16_zero,mod,41,0
low16_zero,mod,42,0
low16_zero,mod,43,0
low16_zero,mod,44,0
low16_zero,mod,45,0
low16_zero,mod,46,0
low16_zero,mod,47,0
low16_zero,mod,48,0
low16_zero,mod,49,0
low16_zero,mod,50,0
low16_zero,mod,51,0
low16_zero,mod,52,0
low16_zero,mod,53,0
low16_zero,mod,54,0
low16_zero,mod,55,0
low16_zero,mod,56,0
low16_zero,mod,57,0
low16_zero,mod,58,0
low16_zero,mod,59,0
low16_zero,mod,60,0
low16_zero,mod,61,0
low16_zero,mod,62,0
low16_zero,mod,63,0
low16_zero,mod,64,0
low16_zero,mod,65,0
low16_zero,mod,66,0
low16_zero,mod,67,0
low16_zero,mod,68,0
low16_zero,mod,69,0
low16_zero,mod,70,0
low16_zero,mod,71,0
low16_zero,mod,72,0
low16_zero,mod,73,0
low16_zero,mod,74,0
low16_zero,mod,75,0
low16_zero,mod,76,0
low16_zero,mod,77,0
low16_zero,mod,78,0
low16_zero,mod,79,0
low16_zero,mod,80,0
low16_zero,mod,81,0
low16_zero,mod,82,0
low16_zero,mod,83,0
low16_zero,mod,84,0
low16_zero,mod,85,0
low16_zero,mod,86,0
low16_zero,mod,87,0
low16_zero,mod,88,0
low16_zero,mod,89,0
low16_zero,mod,90,0
low16_zero,mod,91,0
low16_zero,mod,92,0
low16_zero,mod,93,0
low16_zero,mod,94,0
low16_zero,mod,95,0
low16_zero,mod,96,0
low16_zero,mod,97,0
low16_zero,mod,98,0
low16_zero,mod,99,0
low16_zero,mod,100,0
low16_zero,mod,101,0
low16_zero,mod,102,0
low16_zero,mod,103,0
low16_zero,mod,104,0
low16_zero,mod,105,0
low16_zero,mod,106,0
low16_zero,mod,107,0
low16_zero,mod,108,0
low16_zero,mod,109,0
low16_zero,mod,110,0
low16_zero,mod,111,0
low16_zero,mod,112,0
low16_zero,mod,113,0
low16_zero,mod,114,0
low16_zero,mod,115,0
low16_zero,mod,116,0
low16_zero,mod,117,0
low16_zero,mod,118,0
low16_zero,mod,119,0
low16_zero,mod,120,0
low16_zero,mod,121,0
low16_zero,mod,122,0
low16_zero,mod,123,0
low16_zero,mod,124,0
low16_zero,mod,125,0
low16_zero,mod,126,0
low16_zero,mod,127,0
low16_zero,mod,128,0
low16_zero,mod,129,0
low16_zero,mod,130,0
low16_zero,mod,131,0
low16_zero,mod,132,0
low16_zero,mod,133,0
low16_zero,mod,134,0
low16_zero,mod,135,0
low16_zero,mod,136,0
low16_zero,mod,137,0
low16_zero,mod,138,0
low16_zero,mod,139,0
low16_zero,mod,140,0
low16_zero,mod,141,0
low16_zero,mod,142,0
low16_zero,mod,143,0
low16_zero,mod,144,0
low16_zero,mod,145,0
low16_zero,mod,146,0
low16_zero,mod,147,0
low16_zero,mod,148,0
low16_zero,mod,149,0
low16_zero,mod,150,0
low16_zero,mod,151,0
low16_zero,mod,152,0
low16_zero,mod,153,0
low16_zero,mod,154,0
low16_zero,mod,155,0
low16_zero,mod,156,0
low16_zero,mod,157,0
low16_zero,mod,158,0
low16_zero,mod,159,0
low16_zero,mod,160,0
low16_zero,mod,161,0
low16_zero,mod,162,0
low16_zero,mod,163,0
low16_zero,mod,164,0
low16_zero,mod,165,0
low16_zero,mod,166,0
low16_zero,mod,167,0
low16_zero,mod,168,0
low16_zero,mod,169,0
low16_zero,mod,170,0
low16_zero,mod,171,0
low16_zero,mod,172,0
low16_zero,mod,173,0
low16_zero,mod,174,0
low16_zero,mod,175,0
low16_zero,mod,176,0
low16_zero,mod,177,0
low16_zero,mod,178,0
low16_zero,mod,179,0
low16_zero,mod,180,0
low16_zero,mod,181,0
low16_zero,mod,182,0
low16_zero,mod,183,0
low16_zero,mod,184,0
low16_zero,mod,185,0
low16_zero,mod,186,0
low16_zero,mod,187,0
low16_zero,mod,188,0
low16_zero,mod,189,0
low16_zero,mod,190,0
low16_zero,mod,191,0
low16_zero,mod,192,0
low16_zero,mod,193,0
low16_zero,mod,194,0
low16_zero,mod,195,0
low16_zero,mod,196,0
low16_zero,mod,197,0
low16_zero,mod,198,0
low16_zero,mod,199,0
low16_zero,mod,200,0
low16_zero,mod,201,0
low16_zero,mod,202,0
low16_zero,mod,203,0
low16_zero,mod,204,0
low16_zero,mod,205,0
low16_zero,mod,206,0
low16_zero,mod,207,0
low16_zero,mod,208,0
low16_zero,mod,209,0
low16_zero,mod,210,0
low16_zero,mod,211,0
low16_zero,mod,212,0
low16_zero,mod,213,0
low16_zero,mod,214,0
low16_zero,mod,215,0
low16_zero,mod,216,0
low16_zero,mod,217,0
low16_zero,mod,218,0
low16_zero,mod,219,0
low16_zero,mod,220,0
low16_zero,mod,221,0
low16_zero,mod,222,0
low16_zero,mod,223,0
low16_zero,mod,224,0
low16_zero,mod,225,0
low16_zero,mod,226,0
low16_zero,mod,227,0
low16_zero,mod,228,0
low16_zero,mod,229,0
low16_zero,mod,230,0
low16_zero,mod,231,0
low16_zero,mod,232,0
low16_zero,mod,233,0
low16_zero,mod,234,0
low16_zero,mod,235,0
low16_zero,mod,236,0
low16_zero,mod,237,0
low16_zero,mod,238,0
low16_zero,mod,239,0
low16_zero,mod,240,0
low16_zero,mod,241,0
low16_zero,mod,242,0
low16_zero,mod,243,0
low16_zero,mod,244,0
low16_zero,mod,245,0
low16_zero,mod,246,0
low16_zero,mod,247,0
low16_zero,mod,248,0
low16_zero,mod,249,0
low16_zero,mod,250,0
low16_zero,mod,251,0
low16_zero,mod,252,0
low16_zero,mod,253,0
low16_zero,mod,254,0
low16_zero,mod,255,0
low16_zero,fib64,0,389788
low16_zero,fib64,1,391129
low16_zero,fib64,2,390938
low16_zero,fib64,3,391317
low16_zero,fib64,4,389943
low16_zero,fib64,5,391510
low16_zero,fib64,6,391273
low16_zero,fib64,7,389739
low16_zero,fib64,8,390553
low16_zero,fib64,9,390838
low16_zero,fib64,10,391801
low16_zero,fib64,11,390571
low16_zero,fib64,12,389627
low16_zero,fib64,13,391030
low16_zero,fib64,14,390511
low16_zero,fib64,15,390813
low16_zero,fib64,16,390396
low16_zero,fib64,17,390592
low16_zero,fib64,18,390975
low16_zero,fib64,19,391757
low16_zero,fib64,20,391186
low16_zero,fib64,21,390853
low16_zero,fib64,22,390267
low16_zero,fib64,23,390423
low16_zero,fib64,24,390847
low16_zero,fib64,25,390273
low16_zero,fib64,26,391300
low16_zero,fib64,27,390152
low16_zero,fib64,28,390453
low16_zero,fib64,29,390838
low16_zero,fib64,30,390872
low16_zero,fib64,31,391360
low16_zero,fib64,32,390620
low16_zero,fib64,33,390157
low16_zero,fib64,34,389515
low16_zero,fib64,35,390789
low16_zero,fib64,36,391249
low16_zero,fib64,37,390300
low16_zero,fib64,38,390701
low16_zero,fib64,39,390630
low16_zero,fib64,40,391501
low16_zero,fib64,41,389517
low16_zero,fib64,42,390995
low16_zero,fib64,43,390623
low16_zero,fib64,44,390616
low16_zero,fib64,45,390485
low16_zero,fib64,46,390754
low16_zero,fib64,47,389708
low16_zero,fib64,48,389453
low16_zero,fib64,49,390118
low16_zero,fib64,50,390578
low16_zero,fib64,51,392078
low16_zero,fib64,52,390384
low16_zero,fib64,53,390353
low16_zero,fib64,54,389871
low16_zero,fib64,55,389836
low16_zero,fib64,56,390710
low16_zero,fib64,57,389570
low16_zero,fib64,58,391205
low16_zero,fib64,59,390457
low16_zero,fib64,60,390136
low16_zero,fib64,61,391720
low16_zero,fib64,62,390452
low16_zero,fib64,63,391097
low16_zero,fib64,64,390035
low16_zero,fib64,65,391524
low16_zero,fib64,66,390287
low16_zero,fib64,67,389786
low16_zero,fib64,68,389340
low16_zero,fib64,69,390378
low16_zero,fib64,70,390181
low16_zero,fib64,71,390296
low16_zero,fib64,72,390561
low16_zero,fib64,73,390712
low16_zero,fib64,74,390378
low16_zero,fib64,75,390395
low16_zero,fib64,76,390248
low16_zero,fib64,77,390901
low16_zero,fib64,78,390634
low16_zero,fib64,79,390290
low16_zero,fib64,80,390692
low16_zero,fib64,81,390920
low16_zero,fib64,82,390855
low16_zero,fib64,83,389888
low16_zero,fib64,84,391321
low16_zero,fib64,85,390864
low16_zero,fib64,86,390963
low16_zero,fib64,87,390688
low16_zero,fib64,88,390587
low16_zero,fib64,89,390009
low16_zero,fib64,90,390930
low16_zero,fib64,91,389884
low16_zero,fib64,92,390065
low16_zero,fib64,93,390107
low16_zero,fib64,94,390215
low16_zero,fib64,95,390598
low16_zero,fib64,96,390273
low16_zero,fib64,97,391410
low16_zero,fib64,98,391092
low16_zero,fib64,99,390100
low16_zero,fib64,100,391570
low16_zero,fib64,101,391018
low16_zero,fib64,102,390468
low16_zero,fib64,103,391438
low16_zero,fib64,104,389533
low16_zero,fib64,105,390826
low16_zero,fib64,106,390656
low16_zero,fib64,107,390134
low16_zero,fib64,108,390127
low16_zero,fib64,109,391388
low16_zero,fib64,110,391010
low16_zero,fib64,111,392053
low16_zero,fib64,112,390709
low16_zero,fib64,113,390281
low16_zero,fib64,114,391923
low16_zero,fib64,115,391157
low16_zero,fib64,116,391006
low16_zero,fib64,117,390135
low16_zero,fib64,118,390253
low16_zero,fib64,119,391470
low16_zero,fib64,120,391184
low16_zero,fib64,121,390743
low16_zero,fib64,122,390254
low16_zero,fib64,123,390961
low16_zero,fib64,124,390168
low16_zero,fib64,125,390903
low16_zero,fib64,126,389793
low16_zero,fib64,127,390274
low16_zero,fib64,128,390374
low16_zero,fib64,129,390155
low16_zero,fib64,130,390528
low16_zero,fib64,131,389017
low16_zero,fib64,132,391434
low16_zero,fib64,133,391467
low16_zero,fib64,134,390944
low16_zero,fib64,135,390608
low16_zero,fib64,136,391099
low16_zero,fib64,137,390710
low16_zero,fib64,138,390298
low16_zero,fib64,139,390538
low16_zero,fib64,140,389781
low16_zero,fib64,141,390260
low16_zero,fib64,142,389504
low16_zero,fib64,143,390030
low16_zero,fib64,144,391262
low16_zero,fib64,145,390536
low16_zero,fib64,146,390405
low16_zero,fib64,147,390624
low16_zero,fib64,148,390719
low16_zero,fib64,149,391086
low16_zero,fib64,150,391216
low16_zero,fib64,151,391739
low16_zero,fib64,152,391246
low16_zero,fib64,153,390782
low16_zero,fib64,154,391453
low16_zero,fib64,155,389998
low16_zero,fib64,156,390922
low16_zero,fib64,157,391704
low16_zero,fib64,158,389717
low16_zero,fib64,159,391437
low16_zero,fib64,160,390757
low16_zero,fib64,161,391527
low16_zero,fib64,162,390713
low16_zero,fib64,163,390539
low16_zero,fib64,164,389969
low16_zero,fib64,165,389686
low16_zero,fib64,166,389650
low16_zero,fib64,167,390493
low16_zero,fib64,168,389969
low16_zero,fib64,169,391136
low16_zero,fib64,170,390974
low16_zero,fib64,171,391089
low16_zero,fib64,172,391008
low16_zero,fib64,173,391506
low16_zero,fib64,174,390200
low16_zero,fib64,175,390862
low16_zero,fib64,176,391267
low16_zero,fib64,177,390741
low16_zero,fib64,178,391363
low16_zero,fib64,179,391106
low16_zero,fib64,180,390428
low16_zero,fib64,181,391178
low16_zero,fib64,182,390721
low16_zero,fib64,183,390979
low16_zero,fib64,184,391408
low16_zero,fib64,185,391179
low16_zero,fib64,186,390398
low16_zero,fib64,187,390947
low16_zero,fib64,188,390649
low16_zero,fib64,189,389884
low16_zero,fib64,190,390850
low16_zero,fib64,191,391149
low16_zero,fib64,192,391367
low16_zero,fib64,193,390732
low16_zero,fib64,194,390273
low16_zero,fib64,195,390790
low16_zero,fib64,196,390625
low16_zero,fib64,197,390817
low16_zero,fib64,198,389795
low16_zero,fib64,199,389719
low16_zero,fib64,200,390341
low16_zero,fib64,201,389634
low16_zero,fib64,202,390606
low16_zero,fib64,203,390645
low16_zero,fib64,204,391080
low16_zero,fib64,205,390113
low16_zero,fib64,206,391177
low16_zero,fib64,207,390488
low16_zero,fib64,208,389744
low16_zero,fib64,209,391416
low16_zero,fib64,210,390202
low16_zero,fib64,211,390507
low16_zero,fib64,212,389116
low16_zero,fib64,213,390619
low16_zero,fib64,214,391197
low16_zero,fib64,215,390080
low16_zero,fib64,216,390640
low16_zero,fib64,217,390891
low16_zero,fib64,218,391419
low16_zero,fib64,219,390827
low16_zero,fib64,220,390923
low16_zero,fib64,221,389915
low16_zero,fib64,222,390892
low16_zero,fib64,223,390318
low16_zero,fib64,224,390891
low16_zero,fib64,225,390976
low16_zero,fib64,226,390820
low16_zero,fib64,227,390726
low16_zero,fib64,228,391136
low16_zero,fib64,229,389484
low16_zero,fib64,230,390607
low16_zero,fib64,231,391338
low16_zero,fib64,232,390621
low16_zero,fib64,233,391178
low16_zero,fib64,234,390343
low16_zero,fib64,235,390556
low16_zero,fib64,236,390592
low16_zero,fib64,237,390088
low16_zero,fib64,238,390151
low16_zero,fib64,239,390879
low16_zero,fib64,240,390220
low16_zero,fib64,241,390851
low16_zero,fib64,242,391167
low16_zero,fib64,243,390242
low16_zero,fib64,244,390595
low16_zero,fib64,245,390280
low16_zero,fib64,246,390633
low16_zero,fib64,247,390687
low16_zero,fib64,248,390113
low16_zero,fib64,249,390922
low16_zero,fib64,250,389532
low16_zero,fib64,251,389483
low16_zero,fib64,252,390769
low16_zero,fib64,253,390672
low16_zero,fib64,254,390772
low16_zero,fib64,255,390905
low16_zero,mult32_nofold,0,389622
low16_zero,mult32_nofold,1,390312
low16_zero,mult32_nofold,2,391922
low16_zero,mult32_nofold,3,391266
low16_zero,mult32_nofold,4,392034
low16_zero,mult32_nofold,5,390736
low16_zero,mult32_nofold,6,390060
low16_zero,mult32_nofold,7,391796
low16_zero,mult32_nofold,8,391541
low16_zero,mult32_nofold,9,390281
low16_zero,mult32_nofold,10,391314
low16_zero,mult32_nofold,11,389839
low16_zero,mult32_nofold,12,389780
low16_zero,mult32_nofold,13,390028
low16_zero,mult32_nofold,14,390709
low16_zero,mult32_nofold,15,390693
low16_zero,mult32_nofold,16,390461
low16_zero,mult32_nofold,17,391038
low16_zero,mult32_nofold,18,391018
low16_zero,mult32_nofold,19,391141
low16_zero,mult32_nofold,20,389995
low16_zero,mult32_nofold,21,390988
low16_zero,mult32_nofold,22,390824
low16_zero,mult32_nofold,23,390729
low16_zero,mult32_nofold,24,391550
low16_zero,mult32_nofold,25,390768
low16_zero,mult32_nofold,26,391045
low16_zero,mult32_nofold,27,390676
low16_zero,mult32_nofold,28,391465
low16_zero,mult32_nofold,29,390985
low16_zero,mult32_nofold,30,390285
low16_zero,mult32_nofold,31,389721
low16_zero,mult32_nofold,32,391409
low16_zero,mult32_nofold,33,390646
low16_zero,mult32_nofold,34,390769
low16_zero,mult32_nofold,35,389994
low16_zero,mult32_nofold,36,390916
low16_zero,mult32_nofold,37,389186
low16_zero,mult32_nofold,38,390945
low16_zero,mult32_nofold,39,391222
low16_zero,mult32_nofold,40,390516
low16_zero,mult32_nofold,41,389617
low16_zero,mult32_nofold,42,390936
low16_zero,mult32_nofold,43,390046
low16_zero,mult32_nofold,44,390381
low16_zero,mult32_nofold,45,389701
low16_zero,mult32_nofold,46,391118
low16_zero,mult32_nofold,47,390664
low16_zero,mult32_nofold,48,390327
low16_zero,mult32_nofold,49,391067
low16_zero,mult32_nofold,50,390814
low16_zero,mult32_nofold,51,389640
low16_zero,mult32_nofold,52,389880
low16_zero,mult32_nofold,53,391026
low16_zero,mult32_nofold,54,391043
low16_zero,mult32_nofold,55,390066
low16_zero,mult32_nofold,56,390115
low16_zero,mult32_nofold,57,390739
low16_zero,mult32_nofold,58,390442
low16_zero,mult32_nofold,59,389714
low16_zero,mult32_nofold,60,391374
low16_zero,mult32_nofold,61,390274
low16_zero,mult32_nofold,62,390627
low16_zero,mult32_nofold,63,390334
low16_zero,mult32_nofold,64,391603
low16_zero,mult32_nofold,65,390421
low16_zero,mult32_nofold,66,391757
low16_zero,mult32_nofold,67,389946
low16_zero,mult32_nofold,68,392236
low16_zero,mult32_nofold,69,389125
low16_zero,mult32_nofold,70,391033
low16_zero,mult32_nofold,71,391419
low16_zero,mult32_nofold,72,391438
low16_zero,mult32_nofold,73,390782
low16_zero,mult32_nofold,74,391153
low16_zero,mult32_nofold,75,391622
low16_zero,mult32_nofold,76,390738
low16_zero,mult32_nofold,77,390525
low16_zero,mult32_nofold,78,391151
low16_zero,mult32_nofold,79,389961
low16_zero,mult32_nofold,80,390671
low16_zero,mult32_nofold,81,391664
low16_zero,mult32_nofold,82,391352
low16_zero,mult32_nofold,83,391648
low16_zero,mult32_nofold,84,391174
low16_zero,mult32_nofold,85,390948
low16_zero,mult32_nofold,86,390230
low16_zero,mult32_nofold,87,390483
low16_zero,mult32_nofold,88,391012
low16_zero,mult32_nofold,89,391352
low16_zero,mult32_nofold,90,390472
low16_zero,mult32_nofold,91,390956
low16_zero,mult32_nofold,92,389606
low16_zero,mult32_nofold,93,391486
low16_zero,mult32_nofold,94,390664
low16_zero,mult32_nofold,95,389376
low16_zero,mult32_nofold,96,390553
low16_zero,mult32_nofold,97,390660
low16_zero,mult32_nofold,98,390529
low16_zero,mult32_nofold,99,391261
low16_zero,mult32_nofold,100,389281
low16_zero,mult32_nofold,101,391081
low16_zero,mult32_nofold,102,390998
low16_zero,mult32_nofold,103,389861
low16_zero,mult32_nofold,104,389530
low16_zero,mult32_nofold,105,390483
low16_zero,mult32_nofold,106,390774
low16_zero,mult32_nofold,107,389961
low16_zero,mult32_nofold,108,390224
low16_zero,mult32_nofold,109,390636
low16_zero,mult32_nofold,110,389929
low16_zero,mult32_nofold,111,389956
low16_zero,mult32_nofold,112,390614
low16_zero,mult32_nofold,113,390502
low16_zero,mult32_nofold,114,390787
low16_zero,mult32_nofold,115,391552
low16_zero,mult32_nofold,116,390899
low16_zero,mult32_nofold,117,389812
low16_zero,mult32_nofold,118,390777
low16_zero,mult32_nofold,119,389640
low16_zero,mult32_nofold,120,389900
low16_zero,mult32_nofold,121,391066
low16_zero,mult32_nofold,122,390225
low16_zero,mult32_nofold,123,390451
low16_zero,mult32_nofold,124,390618
low16_zero,mult32_nofold,125,389864
low16_zero,mult32_nofold,126,390070
low16_zero,mult32_nofold,127,391009
low16_zero,mult32_nofold,128,390554
low16_zero,mult32_nofold,129,390729
low16_zero,mult32_nofold,130,390960
low16_zero,mult32_nofold,131,389275
low16_zero,mult32_nofold,132,391596
low16_zero,mult32_nofold,133,389599
low16_zero,mult32_nofold,134,390841
low16_zero,mult32_nofold,135,390011
low16_zero,mult32_nofold,136,390583
low16_zero,mult32_nofold,137,390338
low16_zero,mult32_nofold,138,391287
low16_zero,mult32_nofold,139,390347
low16_zero,mult32_nofold,140,390578
low16_zero,mult32_nofold,141,391362
low16_zero,mult32_nofold,142,389947
low16_zero,mult32_nofold,143,390729
low16_zero,mult32_nofold,144,389891
low16_zero,mult32_nofold,145,390300
low16_zero,mult32_nofold,146,390628
low16_zero,mult32_nofold,147,389939
low16_zero,mult32_nofold,148,391465
low16_zero,mult32_nofold,149,390979
low16_zero,mult32_nofold,150,389976
low16_zero,mult32_nofold,151,391089
low16_zero,mult32_nofold,152,389239
low16_zero,mult32_nofold,153,390568
low16_zero,mult32_nofold,154,391581
low16_zero,mult32_nofold,155,391348
low16_zero,mult32_nofold,156,392178
low16_zero,mult32_nofold,157,390500
low16_zero,mult32_nofold,158,391048
low16_zero,mult32_nofold,159,390913
low16_zero,mult32_nofold,160,390442
low16_zero,mult32_nofold,161,390887
low16_zero,mult32_nofold,162,390909
low16_zero,mult32_nofold,163,391368
low16_zero,mult32_nofold,164,389408
low16_zero,mult32_nofold,165,390653
low16_zero,mult32_nofold,166,390474
low16_zero,mult32_nofold,167,390278
low16_zero,mult32_nofold,168,390677
low16_zero,mult32_nofold,169,390535
low16_zero,mult32_nofold,170,389728
low16_zero,mult32_nofold,171,390459
low16_zero,mult32_nofold,172,390992
low16_zero,mult32_nofold,173,390570
low16_zero,mult32_nofold,174,390165
low16_zero,mult32_nofold,175,391192
low16_zero,mult32_nofold,176,390948
low16_zero,mult32_nofold,177,390239
low16_zero,mult32_nofold,178,390138
low16_zero,mult32_nofold,179,390854
low16_zero,mult32_nofold,180,391923
low16_zero,mult32_nofold,181,390766
low16_zero,mult32_nofold,182,391295
low16_zero,mult32_nofold,183,389798
low16_zero,mult32_nofold,184,390719
low16_zero,mult32_nofold,185,389973
low16_zero,mult32_nofold,186,390474
low16_zero,mult32_nofold,187,390971
low16_zero,mult32_nofold,188,391474
low16_zero,mult32_nofold,189,391304
low16_zero,mult32_nofold,190,391368
low16_zero,mult32_nofold,191,391026
low16_zero,mult32_nofold,192,390707
low16_zero,mult32_nofold,193,390606
low16_zero,mult32_nofold,194,391524
low16_zero,mult32_nofold,195,390713
low16_zero,mult32_nofold,196,391443
low16_zero,mult32_nofold,197,389836
low16_zero,mult32_nofold,198,390498
low16_zero,mult32_nofold,199,389929
low16_zero,mult32_nofold,200,390968
low16_zero,mult32_nofold,201,390432
low16_zero,mult32_nofold,202,390745
low16_zero,mult32_nofold,203,389987
low16_zero,mult32_nofold,204,390894
low16_zero,mult32_nofold,205,390420
low16_zero,mult32_nofold,206,391026
low16_zero,mult32_nofold,207,389816
low16_zero,mult32_nofold,208,390947
low16_zero,mult32_nofold,209,392011
low16_zero,mult32_nofold,210,389450
low16_zero,mult32_nofold,211,391217
low16_zero,mult32_nofold,212,391069
low16_zero,mult32_nofold,213,389618
low16_zero,mult32_nofold,214,390583
low16_zero,mult32_nofold,215,391337
low16_zero,mult32_nofold,216,390011
low16_zero,mult32_nofold,217,390760
low16_zero,mult32_nofold,218,391078
low16_zero,mult32_nofold,219,390105
low16_zero,mult32_nofold,220,391068
low16_zero,mult32_nofold,221,390869
low16_zero,mult32_nofold,222,390717
low16_zero,mult32_nofold,223,390604
low16_zero,mult32_nofold,224,390843
low16_zero,mult32_nofold,225,389676
low16_zero,mult32_nofold,226,391317
low16_zero,mult32_nofold,227,390546
low16_zero,mult32_nofold,228,390857
low16_zero,mult32_nofold,229,390342
low16_zero,mult32_nofold,230,391295
low16_zero,mult32_nofold,231,390147
low16_zero,mult32_nofold,232,390405
low16_zero,mult32_nofold,233,391115
low16_zero,mult32_nofold,234,389940
low16_zero,mult32_nofold,235,390365
low16_zero,mult32_nofold,236,389901
low16_zero,mult32_nofold,237,391007
low16_zero,mult32_nofold,238,391635
low16_zero,mult32_nofold,239,389811
low16_zero,mult32_nofold,240,391003
low16_zero,mult32_nofold,241,388339
low16_zero,mult32_nofold,242,390352
low16_zero,mult32_nofold,243,390061
low16_zero,mult32_nofold,244,390180
low16_zero,mult32_nofold,245,390568
low16_zero,mult32_nofold,246,390322
low16_zero,mult32_nofold,247,390227
low16_zero,mult32_nofold,248,391253
low16_zero,mult32_nofold,249,389987
low16_zero,mult32_nofold,250,390884
low16_zero,mult32_nofold,251,391031
low16_zero,mult32_nofold,252,390501
low16_zero,mult32_nofold,253,390264
low16_zero,mult32_nofold,254,390056
low16_zero,mult32_nofold,255,390720
high32_only,fib32,0,389633
high32_only,fib32,1,391075
high32_only,fib32,2,390343
high32_only,fib32,3,390727
high32_only,fib32,4,390691
high32_only,fib32,5,390902
high32_only,fib32,6,389507
high32_only,fib32,7,391240
high32_only,fib32,8,390210
high32_only,fib32,9,390734
high32_only,fib32,10,389380
high32_only,fib32,11,391533
high32_only,fib32,12,392059
high32_only,fib32,13,390842
high32_only,fib32,14,390713
high32_only,fib32,15,390766
high32_only,fib32,16,390995
high32_only,fib32,17,390853
high32_only,fib32,18,392015
high32_only,fib32,19,391538
high32_only,fib32,20,390168
high32_only,fib32,21,390276
high32_only,fib32,22,390071
high32_only,fib32,23,389984
high32_only,fib32,24,390428
high32_only,fib32,25,391409
high32_only,fib32,26,391450
high32_only,fib32,27,389800
high32_only,fib32,28,390541
high32_only,fib32,29,389312
high32_only,fib32,30,390902
high32_only,fib32,31,392045
high32_only,fib32,32,390872
high32_only,fib32,33,391700
high32_only,fib32,34,390293
high32_only,fib32,35,389619
high32_only,fib32,36,390495
high32_only,fib32,37,390649
high32_only,fib32,38,390295
high32_only,fib32,39,391348
high32_only,fib32,40,390801
high32_only,fib32,41,390014
high32_only,fib32,42,389813
high32_only,fib32,43,391069
high32_only,fib32,44,390747
high32_only,fib32,45,390295
high32_only,fib32,46,390715
high32_only,fib32,47,391046
high32_only,fib32,48,390166
high32_only,fib32,49,390820
high32_only,fib32,50,391315
high32_only,fib32,51,390289
high32_only,fib32,52,390566
high32_only,fib32,53,391794
high32_only,fib32,54,390833
high32_only,fib32,55,389166
high32_only,fib32,56,390611
high32_only,fib32,57,390641
high32_only,fib32,58,391318
high32_only,fib32,59,392320
high32_only,fib32,60,391148
high32_only,fib32,61,390498
high32_only,fib32,62,391916
high32_only,fib32,63,391624
high32_only,fib32,64,389863
high32_only,fib32,65,389851
high32_only,fib32,66,391795
high32_only,fib32,67,390535
high32_only,fib32,68,391066
high32_only,fib32,69,389959
high32_only,fib32,70,390226
high32_only,fib32,71,390795
high32_only,fib32,72,390301
high32_only,fib32,73,391615
high32_only,fib32,74,391283
high32_only,fib32,75,390409
high32_only,fib32,76,391004
high32_only,fib32,77,391124
high32_only,fib32,78,388557
high32_only,fib32,79,389974
high32_only,fib32,80,389115
high32_only,fib32,81,391018
high32_only,fib32,82,391122
high32_only,fib32,83,390275
high32_only,fib32,84,389655
high32_only,fib32,85,391022
high32_only,fib32,86,390815
high32_only,fib32,87,390724
high32_only,fib32,88,390985
high32_only,fib32,89,390087
high32_only,fib32,90,391679
high32_only,fib32,91,390232
high32_only,fib32,92,390141
high32_only,fib32,93,390823
high32_only,fib32,94,389269
high32_only,fib32,95,391382
high32_only,fib32,96,390588
high32_only,fib32,97,390941
high32_only,fib32,98,390634
high32_only,fib32,99,391466
high32_only,fib32,100,391388
high32_only,fib32,101,390576
high32_only,fib32,102,391123
high32_only,fib32,103,389423
high32_only,fib32,104,390214
high32_only,fib32,105,391073
high32_only,fib32,106,391135
high32_only,fib32,107,390677
high32_only,fib32,108,390467
high32_only,fib32,109,390322
high32_only,fib32,110,390364
high32_only,fib32,111,390344
high32_only,fib32,112,390489
high32_only,fib32,113,389529
high32_only,fib32,114,391284
high32_only,fib32,115,390287
high32_only,fib32,116,391416
high32_only,fib32,117,390735
high32_only,fib32,118,389197
high32_only,fib32,119,390141
high32_only,fib32,120,391504
high32_only,fib32,121,391178
high32_only,fib32,122,389282
high32_only,fib32,123,390958
high32_only,fib32,124,390163
high32_only,fib32,125,391251
high32_only,fib32,126,390922
high32_only,fib32,127,389945
high32_only,fib32,128,390677
high32_only,fib32,129,390120
high32_only,fib32,130,391727
high32_only,fib32,131,390997
high32_only,fib32,132,391641
high32_only,fib32,133,390376
high32_only,fib32,134,391377
high32_only,fib32,135,391413
high32_only,fib32,136,390120
high32_only,fib32,137,390830
high32_only,fib32,138,390324
high32_only,fib32,139,390658
high32_only,fib32,140,390732
high32_only,fib32,141,388793
high32_only,fib32,142,390881
high32_only,fib32,143,390719
high32_only,fib32,144,391163
high32_only,fib32,145,390322
high32_only,fib32,146,391345
high32_only,fib32,147,391407
high32_only,fib32,148,390522
high32_only,fib32,149,389459
high32_only,fib32,150,389858
high32_only,fib32,151,390988
high32_only,fib32,152,390238
high32_only,fib32,153,389445
high32_only,fib32,154,391108
high32_only,fib32,155,391132
high32_only,fib32,156,391938
high32_only,fib32,157,391042
high32_only,fib32,158,390371
high32_only,fib32,159,391120
high32_only,fib32,160,390872
high32_only,fib32,161,390022
high32_only,fib32,162,391456
high32_only,fib32,163,391300
high32_only,fib32,164,389976
high32_only,fib32,165,390040
high32_only,fib32,166,390007
high32_only,fib32,167,390636
high32_only,fib32,168,389686
high32_only,fib32,169,390261
high32_only,fib32,170,391112
high32_only,fib32,171,390745
high32_only,fib32,172,390412
high32_only,fib32,173,389089
high32_only,fib32,174,391092
high32_only,fib32,175,391256
high32_only,fib32,176,391403
high32_only,fib32,177,391164
high32_only,fib32,178,389722
high32_only,fib32,179,390482
high32_only,fib32,180,390814
high32_only,fib32,181,390404
high32_only,fib32,182,390232
high32_only,fib32,183,390548
high32_only,fib32,184,390472
high32_only,fib32,185,390796
high32_only,fib32,186,389957
high32_only,fib32,187,390706
high32_only,fib32,188,391190
high32_only,fib32,189,390866
high32_only,fib32,190,390595
high32_only,fib32,191,390563
high32_only,fib32,192,391702
high32_only,fib32,193,390143
high32_only,fib32,194,390992
high32_only,fib32,195,390531
high32_only,fib32,196,389973
high32_only,fib32,197,391148
high32_only,fib32,198,391277
high32_only,fib32,199,390240
high32_only,fib32,200,389419
high32_only,fib32,201,390954
high32_only,fib32,202,391056
high32_only,fib32,203,390943
high32_only,fib32,204,390765
high32_only,fib32,205,390756
high32_only,fib32,206,390984
high32_only,fib32,207,390853
high32_only,fib32,208,390037
high32_only,fib32,209,389741
high32_only,fib32,210,391310
high32_only,fib32,211,391194
high32_only,fib32,212,391588
high32_only,fib32,213,390139
high32_only,fib32,214,390498
high32_only,fib32,215,390662
high32_only,fib32,216,390394
high32_only,fib32,217,390526
high32_only,fib32,218,390419
high32_only,fib32,219,388800
high32_only,fib32,220,390169
high32_only,fib32,221,390379
high32_only,fib32,222,391070
high32_only,fib32,223,390841
high32_only,fib32,224,390656
high32_only,fib32,225,390582
high32_only,fib32,226,390049
high32_only,fib32,227,390532
high32_only,fib32,228,391476
high32_only,fib32,229,389292
high32_only,fib32,230,390868
high32_only,fib32,231,390338
high32_only,fib32,232,389474
high32_only,fib32,233,390135
high32_only,fib32,234,390247
high32_only,fib32,235,390155
high32_only,fib32,236,389572
high32_only,fib32,237,391963
high32_only,fib32,238,390025
high32_only,fib32,239,390033
high32_only,fib32,240,390612
high32_only,fib32,241,390627
high32_only,fib32,242,390482
high32_only,fib32,243,390798
high32_only,fib32,244,390698
high32_only,fib32,245,390868
high32_only,fib32,246,390745
high32_only,fib32,247,390650
high32_only,fib32,248,390819
high32_only,fib32,249,390437
high32_only,fib32,250,391020
high32_only,fib32,251,391531
high32_only,fib32,252,390978
high32_only,fib32,253,390060
high32_only,fib32,254,390332
high32_only,fib32,255,391069
high32_only,fib32_lowbits,0,390168
high32_only,fib32_lowbits,1,391308
high32_only,fib32_lowbits,2,389571
high32_only,fib32_lowbits,3,391644
high32_only,fib32_lowbits,4,389982
high32_only,fib32_lowbits,5,390894
high32_only,fib32_lowbits,6,390442
high32_only,fib32_lowbits,7,391708
high32_only,fib32_lowbits,8,390953
high32_only,fib32_lowbits,9,392092
high32_only,fib32_lowbits,10,390240
high32_only,fib32_lowbits,11,391567
high32_only,fib32_lowbits,12,390206
high32_only,fib32_lowbits,13,390945
high32_only,fib32_lowbits,14,391359
high32_only,fib32_lowbits,15,390461
high32_only,fib32_lowbits,16,390541
high32_only,fib32_lowbits,17,390455
high32_only,fib32_lowbits,18,390782
high32_only,fib32_lowbits,19,390329
high32_only,fib32_lowbits,20,391296
high32_only,fib32_lowbits,21,391580
high32_only,fib32_lowbits,22,389573
high32_only,fib32_lowbits,23,389993
high32_only,fib32_lowbits,24,390582
high32_only,fib32_lowbits,25,389970
high32_only,fib32_lowbits,26,390199
high32_only,fib32_lowbits,27,392240
high32_only,fib32_lowbits,28,392078
high32_only,fib32_lowbits,29,390646
high32_only,fib32_lowbits,30,391162
high32_only,fib32_lowbits,31,389977
high32_only,fib32_lowbits,32,390472
high32_only,fib32_lowbits,33,390392
high32_only,fib32_lowbits,34,391105
high32_only,fib32_lowbits,35,390727
high32_only,fib32_lowbits,36,391347
high32_only,fib32_lowbits,37,390646
high32_only,fib32_lowbits,38,390923
high32_only,fib32_lowbits,39,390172
high32_only,fib32_lowbits,40,391670
high32_only,fib32_lowbits,41,389910
high32_only,fib32_lowbits,42,390670
high32_only,fib32_lowbits,43,390643
high32_only,fib32_lowbits,44,390385
high32_only,fib32_lowbits,45,391733
high32_only,fib32_lowbits,46,390159
high32_only,fib32_lowbits,47,389678
high32_only,fib32_lowbits,48,390079
high32_only,fib32_lowbits,49,390260
high32_only,fib32_lowbits,50,391891
high32_only,fib32_lowbits,51,390716
high32_only,fib32_lowbits,52,390287
high32_only,fib32_lowbits,53,391597
high32_only,fib32_lowbits,54,390489
high32_only,fib32_lowbits,55,390333
high32_only,fib32_lowbits,56,390298
high32_only,fib32_lowbits,57,390953
high32_only,fib32_lowbits,58,390911
high32_only,fib32_lowbits,59,390116
high32_only,fib32_lowbits,60,390095
high32_only,fib32_lowbits,61,389841
high32_only,fib32_lowbits,62,390879
high32_only,fib32_lowbits,63,389714
high32_only,fib32_lowbits,64,390362
high32_only,fib32_lowbits,65,390096
high32_only,fib32_lowbits,66,390797
high32_only,fib32_lowbits,67,391326
high32_only,fib32_lowbits,68,389913
high32_only,fib32_lowbits,69,390269
high32_only,fib32_lowbits,70,390634
high32_only,fib32_lowbits,71,391978
high32_only,fib32_lowbits,72,391113
high32_only,fib32_lowbits,73,390121
high32_only,fib32_lowbits,74,390696
high32_only,fib32_lowbits,75,390304
high32_only,fib32_lowbits,76,391602
high32_only,fib32_lowbits,77,390786
high32_only,fib32_lowbits,78,391154
high32_only,fib32_lowbits,79,390036
high32_only,fib32_lowbits,80,389731
high32_only,fib32_lowbits,81,389791
high32_only,fib32_lowbits,82,391150
high32_only,fib32_lowbits,83,389538
high32_only,fib32_lowbits,84,389669
high32_only,fib32_lowbits,85,390448
high32_only,fib32_lowbits,86,390615
high32_only,fib32_lowbits,87,391220
high32_only,fib32_lowbits,88,390594
high32_only,fib32_lowbits,89,389469
high32_only,fib32_lowbits,90,390710
high32_only,fib32_lowbits,91,391111
high32_only,fib32_lowbits,92,389950
high32_only,fib32_lowbits,93,391057
high32_only,fib32_lowbits,94,390221
high32_only,fib32_lowbits,95,391465
high32_only,fib32_lowbits,96,389754
high32_only,fib32_lowbits,97,390552
high32_only,fib32_lowbits,98,390178
high32_only,fib32_lowbits,99,390333
high32_only,fib32_lowbits,100,389997
high32_only,fib32_lowbits,101,390704
high32_only,fib32_lowbits,102,391103
high32_only,fib32_lowbits,103,390800
high32_only,fib32_lowbits,104,390206
high32_only,fib32_lowbits,105,389932
high32_only,fib32_lowbits,106,390465
high32_only,fib32_lowbits,107,390266
high32_only,fib32_lowbits,108,390966
high32_only,fib32_lowbits,109,391472
high32_only,fib32_lowbits,110,390490
high32_only,fib32_lowbits,111,390796
high32_only,fib32_lowbits,112,389465
high32_only,fib32_lowbits,113,391057
high32_only,fib32_lowbits,114,389815
high32_only,fib32_lowbits,115,391358
high32_only,fib32_lowbits,116,391203
high32_only,fib32_lowbits,117,389859
high32_only,fib32_lowbits,118,390996
high32_only,fib32_lowbits,119,391008
high32_only,fib32_lowbits,120,390448
high32_only,fib32_lowbits,121,391002
high32_only,fib32_lowbits,122,390670
high32_only,fib32_lowbits,123,390572
high32_only,fib32_lowbits,124,391730
high32_only,fib32_lowbits,125,390324
high32_only,fib32_lowbits,126,391163
high32_only,fib32_lowbits,127,390905
high32_only,fib32_lowbits,128,389736
high32_only,fib32_lowbits,129,391447
high32_only,fib32_lowbits,130,389441
high32_only,fib32_lowbits,131,391860
high32_only,fib32_lowbits,132,390616
high32_only,fib32_lowbits,133,391134
high32_only,fib32_lowbits,134,391541
high32_only,fib32_lowbits,135,390787
high32_only,fib32_lowbits,136,390845
high32_only,fib32_lowbits,137,390279
high32_only,fib32_lowbits,138,391225
high32_only,fib32_lowbits,139,390376
high32_only,fib32_lowbits,140,390470
high32_only,fib32_lowbits,141,389810
high32_only,fib32_lowbits,142,390063
high32_only,fib32_lowbits,143,390549
high32_only,fib32_lowbits,144,389735
high32_only,fib32_lowbits,145,390732
high32_only,fib32_lowbits,146,390969
high32_only,fib32_lowbits,147,390634
high32_only,fib32_lowbits,148,391153
high32_only,fib32_lowbits,149,390067
high32_only,fib32_lowbits,150,391929
high32_only,fib32_lowbits,151,390790
high32_only,fib32_lowbits,152,389137
high32_only,fib32_lowbits,153,391679
high32_only,fib32_lowbits,154,390321
high32_only,fib32_lowbits,155,389292
high32_only,fib32_lowbits,156,391218
high32_only,fib32_lowbits,157,389796
high32_only,fib32_lowbits,158,390551
high32_only,fib32_lowbits,159,390693
high32_only,fib32_lowbits,160,389209
high32_only,fib32_lowbits,161,391060
high32_only,fib32_lowbits,162,390112
high32_only,fib32_lowbits,163,390237
high32_only,fib32_lowbits,164,390765
high32_only,fib32_lowbits,165,391495
high32_only,fib32_lowbits,166,391438
high32_only,fib32_lowbits,167,389760
high32_only,fib32_lowbits,168,392153
high32_only,fib32_lowbits,169,390276
high32_only,fib32_lowbits,170,390907
high32_only,fib32_lowbits,171,391145
high32_only,fib32_lowbits,172,390591
high32_only,fib32_lowbits,173,390435
high32_only,fib32_lowbits,174,390893
high32_only,fib32_lowbits,175,391136
high32_only,fib32_lowbits,176,390353
high32_only,fib32_lowbits,177,390939
high32_only,fib32_lowbits,178,389906
high32_only,fib32_lowbits,179,391133
high32_only,fib32_lowbits,180,390694
high32_only,fib32_lowbits,181,389817
high32_only,fib32_lowbits,182,390380
high32_only,fib32_lowbits,183,390251
high32_only,fib32_lowbits,184,390704
high32_only,fib32_lowbits,185,391526
high32_only,fib32_lowbits,186,391929
high32_only,fib32_lowbits,187,390327
high32_only,fib32_lowbits,188,391062
high32_only,fib32_lowbits,189,390984
high32_only,fib32_lowbits,190,391298
high32_only,fib32_lowbits,191,390672
high32_only,fib32_lowbits,192,390640
high32_only,fib32_lowbits,193,391514
high32_only,fib32_lowbits,194,390624
high32_only,fib32_lowbits,195,390178
high32_only,fib32_lowbits,196,390059
high32_only,fib32_lowbits,197,391145
high32_only,fib32_lowbits,198,389238
high32_only,fib32_lowbits,199,389970
high32_only,fib32_lowbits,200,390536
high32_only,fib32_lowbits,201,390868
high32_only,fib32_lowbits,202,391525
high32_only,fib32_lowbits,203,389618
high32_only,fib32_lowbits,204,389989
high32_only,fib32_lowbits,205,390425
high32_only,fib32_lowbits,206,391292
high32_only,fib32_lowbits,207,389962
high32_only,fib32_lowbits,208,390335
high32_only,fib32_lowbits,209,390004
high32_only,fib32_lowbits,210,390862
high32_only,fib32_lowbits,211,390800
high32_only,fib32_lowbits,212,390381
high32_only,fib32_lowbits,213,389817
high32_only,fib32_lowbits,214,389611
high32_only,fib32_lowbits,215,390099
high32_only,fib32_lowbits,216,389695
high32_only,fib32_lowbits,217,390974
high32_only,fib32_lowbits,218,390325
high32_only,fib32_lowbits,219,391122
high32_only,fib32_lowbits,220,389303
high32_only,fib32_lowbits,221,390156
high32_only,fib32_lowbits,222,391511
high32_only,fib32_lowbits,223,390300
high32_only,fib32_lowbits,224,392068
high32_only,fib32_lowbits,225,390269
high32_only,fib32_lowbits,226,390491
high32_only,fib32_lowbits,227,390034
high32_only,fib32_lowbits,228,391181
high32_only,fib32_lowbits,229,391250
high32_only,fib32_lowbits,230,390261
high32_only,fib32_lowbits,231,391463
high32_only,fib32_lowbits,232,390493
high32_only,fib32_lowbits,233,390747
high32_only,fib32_lowbits,234,391900
high32_only,fib32_lowbits,235,390707
high32_only,fib32_lowbits,236,392368
high32_only,fib32_lowbits,237,389603
high32_only,fib32_lowbits,238,391477
high32_only,fib32_lowbits,239,389508
high32_only,fib32_lowbits,240,390970
high32_only,fib32_lowbits,241,390853
high32_only,fib32_lowbits,242,391584
high32_only,fib32_lowbits,243,388754
high32_only,fib32_lowbits,244,390283
high32_only,fib32_lowbits,245,389635
high32_only,fib32_lowbits,246,391340
high32_only,fib32_lowbits,247,390887
high32_only,fib32_lowbits,248,390889
high32_only,fib32_lowbits,249,389928
high32_only,fib32_lowbits,250,390448
high32_only,fib32_lowbits,251,391127
high32_only,fib32_lowbits,252,390136
high32_only,fib32_lowbits,253,390853
high32_only,fib32_lowbits,254,390715
high32_only,fib32_lowbits,255,390889
high32_only,mod,0,100000000
high32_only,mod,1,0
high32_only,mod,2,0
high32_only,mod,3,0
high32_only,mod,4,0
high32_only,mod,5,0
high32_only,mod,6,0
high32_only,mod,7,0
high32_only,mod,8,0
high32_only,mod,9,0
high32_only,mod,10,0
high32_only,mod,11,0
high32_only,mod,12,0
high32_only,mod,13,0
high32_only,mod,14,0
high32_only,mod,15,0
high32_only,mod,16,0
high32_only,mod,17,0
high32_only,mod,18,0
high32_only,mod,19,0
high32_only,mod,20,0
high32_only,mod,21,0
high32_only,mod,22,0
high32_only,mod,23,0
high32_only,mod,24,0
high32_only,mod,25,0
high32_only,mod,26,0
high32_only,mod,27,0
high32_only,mod,28,0
high32_only,mod,29,0
high32_only,mod,30,0
high32_only,mod,31,0
high32_only,mod,32,0
high32_only,mod,33,0
high32_only,mod,34,0
high32_only,mod,35,0
high32_only,mod,36,0
high32_only,mod,37,0
high32_only,mod,38,0
high32_only,mod,39,0
high32_only,mod,40,0
high32_only,mod,41,0
high32_only,mod,42,0
high32_only,mod,43,0
high32_only,mod,44,0
high32_only,mod,45,0
high32_only,mod,46,0
high32_only,mod,47,0
high32_only,mod,48,0
high32_only,mod,49,0
high32_only,mod,50,0
high32_only,mod,51,0
high32_only,mod,52,0
high32_only,mod,53,0
high32_only,mod,54,0
high32_only,mod,55,0
high32_only,mod,56,0
high32_only,mod,57,0
high32_only,mod,58,0
high32_only,mod,59,0
high32_only,mod,60,0
high32_only,mod,61,0
high32_only,mod,62,0
high32_only,mod,63,0
high32_only,mod,64,0
high32_only,mod,65,0
high32_only,mod,66,0
high32_only,mod,67,0
high32_only,mod,68,0
high32_only,mod,69,0
high32_only,mod,70,0
high32_only,mod,71,0
high32_only,mod,72,0
high32_only,mod,73,0
high32_only,mod,74,0
high32_only,mod,75,0
high32_only,mod,76,0
high32_only,mod,77,0
high32_only,mod,78,0
high32_only,mod,79,0
high32_only,mod,80,0
high32_only,mod,81,0
high32_only,mod,82,0
high32_only,mod,83,0
high32_only,mod,84,0
high32_only,mod,85,0
high32_only,mod,86,0
high32_only,mod,87,0
high32_only,mod,88,0
high32_only,mod,89,0
high32_only,mod,90,0
high32_only,mod,91,0
high32_only,mod,92,0
high32_only,mod,93,0
high32_only,mod,94,0
high32_only,mod,95,0
high32_only,mod,96,0
high32_only,mod,97,0
high32_only,mod,98,0
high32_only,mod,99,0
high32_only,mod,100,0
high32_only,mod,101,0
high32_only,mod,102,0
high32_only,mod,103,0
high32_only,mod,104,0
high32_only,mod,105,0
high32_only,mod,106,0
high32_only,mod,107,0
high32_only,mod,108,0
high32_only,mod,109,0
high32_only,mod,110,0
high32_only,mod,111,0
high32_only,mod,112,0
high32_only,mod,113,0
high32_only,mod,114,0
high32_only,mod,115,0
high32_only,mod,116,0
high32_only,mod,117,0
high32_only,mod,118,0
high32_only,mod,119,0
high32_only,mod,120,0
high32_only,mod,121,0
high32_only,mod,122,0
high32_only,mod,123,0
high32_only,mod,124,0
high32_only,mod,125,0
high32_only,mod,126,0
high32_only,mod,127,0
high32_only,mod,128,0
high32_only,mod,129,0
high32_only,mod,130,0
high32_only,mod,131,0
high32_only,mod,132,0
high32_only,mod,133,0
high32_only,mod,134,0
high32_only,mod,135,0
high32_only,mod,136,0
high32_only,mod,137,0
high32_only,mod,138,0
high32_only,mod,139,0
high32_only,mod,140,0
high32_only,mod,141,0
high32_only,mod,142,0
high32_only,mod,143,0
high32_only,mod,144,0
high32_only,mod,145,0
high32_only,mod,146,0
high32_only,mod,147,0
high32_only,mod,148,0
high32_only,mod,149,0
high32_only,mod,150,0
high32_only,mod,151,0
high32_only,mod,152,0
high32_only,mod,153,0
high32_only,mod,154,0
high32_only,mod,155,0
high32_only,mod,156,0
high32_only,mod,157,0
high32_only,mod,158,0
high32_only,mod,159,0
high32_only,mod,160,0
high32_only,mod,161,0
high32_only,mod,162,0
high32_only,mod,163,0
high32_only,mod,164,0
high32_only,mod,165,0
high32_only,mod,166,0
high32_only,mod,167,0
high32_only,mod,168,0
high32_only,mod,169,0
high32_only,mod,170,0
high32_only,mod,171,0
high32_only,mod,172,0
high32_only,mod,173,0
high32_only,mod,174,0
high32_only,mod,175,0
high32_only,mod,176,0
high32_only,mod,177,0
high32_only,mod,178,0
high32_only,mod,179,0
high32_only,mod,180,0
high32_only,mod,181,0
high32_only,mod,182,0
high32_only,mod,183,0
high32_only,mod,184,0
high32_only,mod,185,0
high32_only,mod,186,0
high32_only,mod,187,0
high32_only,mod,188,0
high32_only,mod,189,0
high32_only,mod,190,0
high32_only,mod,191,0
high32_only,mod,192,0
high32_only,mod,193,0
high32_only,mod,194,0
high32_only,mod,195,0
high32_only,mod,196,0
high32_only,mod,197,0
high32_only,mod,198,0
high32_only,mod,199,0
high32_only,mod,200,0
high32_only,mod,201,0
high32_only,mod,202,0
high32_only,mod,203,0
high32_only,mod,204,0
high32_only,mod,205,0
high32_only,mod,206,0
high32_only,mod,207,0
high32_only,mod,208,0
high32_only,mod,209,0
high32_only,mod,210,0
high32_only,mod,211,0
high32_only,mod,212,0
high32_only,mod,213,0
high32_only,mod,214,0
high32_only,mod,215,0
high32_only,mod,216,0
high32_only,mod,217,0
high32_only,mod,218,0
high32_only,mod,219,0
high32_only,mod,220,0
high32_only,mod,221,0
high32_only,mod,222,0
high32_only,mod,223,0
high32_only,mod,224,0
high32_only,mod,225,0
high32_only,mod,226,0
high32_only,mod,227,0
high32_only,mod,228,0
high32_only,mod,229,0
high32_only,mod,230,0
high32_only,mod,231,0
high32_only,mod,232,0
high32_only,mod,233,0
high32_only,mod,234,0
high32_only,mod,235,0
high32_only,mod,236,0
high32_only,mod,237,0
high32_only,mod,238,0
high32_only,mod,239,0
high32_only,mod,240,0
high32_only,mod,241,0
high32_only,mod,242,0
high32_only,mod,243,0
high32_only,mod,244,0
high32_only,mod,245,0
high32_only,mod,246,0
high32_only,mod,247,0
high32_only,mod,248,0
high32_only,mod,249,0
high32_only,mod,250,0
high32_only,mod,251,0
high32_only,mod,252,0
high32_only,mod,253,0
high32_only,mod,254,0
high32_only,mod,255,0
high32_only,fib64,0,390370
high32_only,fib64,1,390912
high32_only,fib64,2,391011
high32_only,fib64,3,389384
high32_only,fib64,4,390918
high32_only,fib64,5,390870
high32_only,fib64,6,389536
high32_only,fib64,7,390221
high32_only,fib64,8,391097
high32_only,fib64,9,390870
high32_only,fib64,10,390190
high32_only,fib64,11,391069
high32_only,fib64,12,389294
high32_only,fib64,13,390576
high32_only,fib64,14,390361
high32_only,fib64,15,390921
high32_only,fib64,16,390392
high32_only,fib64,17,390699
high32_only,fib64,18,391025
high32_only,fib64,19,391161
high32_only,fib64,20,391649
high32_only,fib64,21,390844
high32_only,fib64,22,390392
high32_only,fib64,23,391449
high32_only,fib64,24,390574
high32_only,fib64,25,390585
high32_only,fib64,26,390394
high32_only,fib64,27,389188
high32_only,fib64,28,391298
high32_only,fib64,29,390898
high32_only,fib64,30,390352
high32_only,fib64,31,390760
high32_only,fib64,32,390326
high32_only,fib64,33,390201
high32_only,fib64,34,390333
high32_only,fib64,35,388752
high32_only,fib64,36,390968
high32_only,fib64,37,390227
high32_only,fib64,38,391705
high32_only,fib64,39,391161
high32_only,fib64,40,390881
high32_only,fib64,41,390330
high32_only,fib64,42,390528
high32_only,fib64,43,390615
high32_only,fib64,44,390607
high32_only,fib64,45,392306
high32_only,fib64,46,391006
high32_only,fib64,47,390370
high32_only,fib64,48,392294
high32_only,fib64,49,390584
high32_only,fib64,50,391766
high32_only,fib64,51,389701
high32_only,fib64,52,390190
high32_only,fib64,53,390134
high32_only,fib64,54,391217
high32_only,fib64,55,391331
high32_only,fib64,56,390741
high32_only,fib64,57,390307
high32_only,fib64,58,390854
high32_only,fib64,59,390797
high32_only,fib64,60,390590
high32_only,fib64,61,389455
high32_only,fib64,62,390858
high32_only,fib64,63,391760
high32_only,fib64,64,390321
high32_only,fib64,65,390088
high32_only,fib64,66,389779
high32_only,fib64,67,390858
high32_only,fib64,68,390165
high32_only,fib64,69,390603
high32_only,fib64,70,391193
high32_only,fib64,71,390401
high32_only,fib64,72,389363
high32_only,fib64,73,391337
high32_only,fib64,74,390150
high32_only,fib64,75,390676
high32_only,fib64,76,390737
high32_only,fib64,77,390819
high32_only,fib64,78,389694
high32_only,fib64,79,390552
high32_only,fib64,80,389836
high32_only,fib64,81,389977
high32_only,fib64,82,390831
high32_only,fib64,83,390640
high32_only,fib64,84,389578
high32_only,fib64,85,390338
high32_only,fib64,86,391151
high32_only,fib64,87,390738
high32_only,fib64,88,390052
high32_only,fib64,89,391021
high32_only,fib64,90,390408
high32_only,fib64,91,391568
high32_only,fib64,92,390439
high32_only,fib64,93,390423
high32_only,fib64,94,390667
high32_only,fib64,95,391349
high32_only,fib64,96,390370
high32_only,fib64,97,391168
high32_only,fib64,98,391263
high32_only,fib64,99,390318
high32_only,fib64,100,390905
high32_only,fib64,101,390283
high32_only,fib64,102,391681
high32_only,fib64,103,390955
high32_only,fib64,104,389572
high32_only,fib64,105,389862
high32_only,fib64,106,389734
high32_only,fib64,107,390484
high32_only,fib64,108,391059
high32_only,fib64,109,389235
high32_only,fib64,110,390575
high32_only,fib64,111,390074
high32_only,fib64,112,391307
high32_only,fib64,113,390778
high32_only,fib64,114,390607
high32_only,fib64,115,390716
high32_only,fib64,116,391097
high32_only,fib64,117,389908
high32_only,fib64,118,389680
high32_only,fib64,119,391045
high32_only,fib64,120,390459
high32_only,fib64,121,389538
high32_only,fib64,122,390950
high32_only,fib64,123,391400
high32_only,fib64,124,390601
high32_only,fib64,125,390653
high32_only,fib64,126,390474
high32_only,fib64,127,391331
high32_only,fib64,128,390938
high32_only,fib64,129,389941
high32_only,fib64,130,390809
high32_only,fib64,131,390452
high32_only,fib64,132,390498
high32_only,fib64,133,389682
high32_only,fib64,134,389415
high32_only,fib64,135,390747
high32_only,fib64,136,390919
high32_only,fib64,137,391213
high32_only,fib64,138,390676
high32_only,fib64,139,391906
high32_only,fib64,140,391416
high32_only,fib64,141,390909
high32_only,fib64,142,390418
high32_only,fib64,143,390855
high32_only,fib64,144,390354
high32_only,fib64,145,390690
high32_only,fib64,146,390555
high32_only,fib64,147,390887
high32_only,fib64,148,391542
high32_only,fib64,149,391251
high32_only,fib64,150,390703
high32_only,fib64,151,390794
high32_only,fib64,152,391427
high32_only,fib64,153,390033
high32_only,fib64,154,389688
high32_only,fib64,155,390986
high32_only,fib64,156,389892
high32_only,fib64,157,390704
high32_only,fib64,158,390864
high32_only,fib64,159,390839
high32_only,fib64,160,391529
high32_only,fib64,161,390763
high32_only,fib64,162,390661
high32_only,fib64,163,390899
high32_only,fib64,164,389817
high32_only,fib64,165,390956
high32_only,fib64,166,390571
high32_only,fib64,167,389998
high32_only,fib64,168,390093
high32_only,fib64,169,389757
high32_only,fib64,170,391324
high32_only,fib64,171,391022
high32_only,fib64,172,391725
high32_only,fib64,173,389663
high32_only,fib64,174,391351
high32_only,fib64,175,390898
high32_only,fib64,176,391430
high32_only,fib64,177,391105
high32_only,fib64,178,390509
high32_only,fib64,179,391769
high32_only,fib64,180,390551
high32_only,fib64,181,389900
high32_only,fib64,182,391136
high32_only,fib64,183,390980
high32_only,fib64,184,391408
high32_only,fib64,185,390211
high32_only,fib64,186,389394
high32_only,fib64,187,391122
high32_only,fib64,188,390905
high32_only,fib64,189,390926
high32_only,fib64,190,390808
high32_only,fib64,191,390232
high32_only,fib64,192,390300
high32_only,fib64,193,390361
high32_only,fib64,194,391427
high32_only,fib64,195,390866
high32_only,fib64,196,390646
high32_only,fib64,197,390582
high32_only,fib64,198,390704
high32_only,fib64,199,389631
high32_only,fib64,200,389767
high32_only,fib64,201,389514
high32_only,fib64,202,389565
high32_only,fib64,203,390556
high32_only,fib64,204,390075
high32_only,fib64,205,390578
high32_only,fib64,206,390778
high32_only,fib64,207,390421
high32_only,fib64,208,390307
high32_only,fib64,209,391021
high32_only,fib64,210,390272
high32_only,fib64,211,389993
high32_only,fib64,212,391020
high32_only,fib64,213,390584
high32_only,fib64,214,391372
high32_only,fib64,215,391885
high32_only,fib64,216,391103
high32_only,fib64,217,391032
high32_only,fib64,218,390781
high32_only,fib64,219,390457
high32_only,fib64,220,389628
high32_only,fib64,221,390196
high32_only,fib64,222,390308
high32_only,fib64,223,390138
high32_only,fib64,224,390764
high32_only,fib64,225,391458
high32_only,fib64,226,390233
high32_only,fib64,227,389908
high32_only,fib64,228,390268
high32_only,fib64,229,390847
high32_only,fib64,230,390343
high32_only,fib64,231,390769
high32_only,fib64,232,390890
high32_only,fib64,233,389434
high32_only,fib64,234,390366
high32_only,fib64,235,390774
high32_only,fib64,236,390654
high32_only,fib64,237,392214
high32_only,fib64,238,390656
high32_only,fib64,239,391459
high32_only,fib64,240,391258
high32_only,fib64,241,389808
high32_only,fib64,242,390637
high32_only,fib64,243,389751
high32_only,fib64,244,391200
high32_only,fib64,245,391279
high32_only,fib64,246,390930
high32_only,fib64,247,390250
high32_only,fib64,248,391559
high32_only,fib64,249,391028
high32_only,fib64,250,391212
high32_only,fib64,251,390610
high32_only,fib64,252,390138
high32_only,fib64,253,391854
high32_only,fib64,254,390068
high32_only,fib64,255,390108
high32_only,mult32_nofold,0,100000000
high32_only,mult32_nofold,1,0
high32_only,mult32_nofold,2,0
high32_only,mult32_nofold,3,0
high32_only,mult32_nofold,4,0
high32_only,mult32_nofold,5,0
high32_only,mult32_nofold,6,0
high32_only,mult32_nofold,7,0
high32_only,mult32_nofold,8,0
high32_only,mult32_nofold,9,0
high32_only,mult32_nofold,10,0
high32_only,mult32_nofold,11,0
high32_only,mult32_nofold,12,0
high32_only,mult32_nofold,13,0
high32_only,mult32_nofold,14,0
high32_only,mult32_nofold,15,0
high32_only,mult32_nofold,16,0
high32_only,mult32_nofold,17,0
high32_only,mult32_nofold,18,0
high32_only,mult32_nofold,19,0
high32_only,mult32_nofold,20,0
high32_only,mult32_nofold,21,0
high32_only,mult32_nofold,22,0
high32_only,mult32_nofold,23,0
high32_only,mult32_nofold,24,0
high32_only,mult32_nofold,25,0
high32_only,mult32_nofold,26,0
high32_only,mult32_nofold,27,0
high32_only,mult32_nofold,28,0
high32_only,mult32_nofold,29,0
high32_only,mult32_nofold,30,0
high32_only,mult32_nofold,31,0
high32_only,mult32_nofold,32,0
high32_only,mult32_nofold,33,0
high32_only,mult32_nofold,34,0
high32_only,mult32_nofold,35,0
high32_only,mult32_nofold,36,0
high32_only,mult32_nofold,37,0
high32_only,mult32_nofold,38,0
high32_only,mult32_nofold,39,0
high32_only,mult32_nofold,40,0
high32_only,mult32_nofold,41,0
high32_only,mult32_nofold,42,0
high32_only,mult32_nofold,43,0
high32_only,mult32_nofold,44,0
high32_only,mult32_nofold,45,0
high32_only,mult32_nofold,46,0
high32_only,mult32_nofold,47,0
high32_only,mult32_nofold,48,0
high32_only,mult32_nofold,49,0
high32_only,mult32_nofold,50,0
high32_only,mult32_nofold,51,0
high32_only,mult32_nofold,52,0
high32_only,mult32_nofold,53,0
high32_only,mult32_nofold,54,0
high32_only,mult32_nofold,55,0
high32_only,mult32_nofold,56,0
high32_only,mult32_nofold,57,0
high32_only,mult32_nofold,58,0
high32_only,mult32_nofold,59,0
high32_only,mult32_nofold,60,0
high32_only,mult32_nofold,61,0
high32_only,mult32_nofold,62,0
high32_only,mult32_nofold,63,0
high32_only,mult32_nofold,64,0
high32_only,mult32_nofold,65,0
high32_only,mult32_nofold,66,0
high32_only,mult32_nofold,67,0
high32_only,mult32_nofold,68,0
high32_only,mult32_nofold,69,0
high32_only,mult32_nofold,70,0
high32_only,mult32_nofold,71,0
high32_only,mult32_nofold,72,0
high32_only,mult32_nofold,73,0
high32_only,mult32_nofold,74,0
high32_only,mult32_nofold,75,0
high32_only,mult32_nofold,76,0
high32_only,mult32_nofold,77,0
high32_only,mult32_nofold,78,0
high32_only,mult32_nofold,79,0
high32_only,mult32_nofold,80,0
high32_only,mult32_nofold,81,0
high32_only,mult32_nofold,82,0
high32_only,mult32_nofold,83,0
high32_only,mult32_nofold,84,0
high32_only,mult32_nofold,85,0
high32_only,mult32_nofold,86,0
high32_only,mult32_nofold,87,0
high32_only,mult32_nofold,88,0
high32_only,mult32_nofold,89,0
high32_only,mult32_nofold,90,0
high32_only,mult32_nofold,91,0
high32_only,mult32_nofold,92,0
high32_only,mult32_nofold,93,0
high32_only,mult32_nofold,94,0
high32_only,mult32_nofold,95,0
high32_only,mult32_nofold,96,0
high32_only,mult32_nofold,97,0
high32_only,mult32_nofold,98,0
high32_only,mult32_nofold,99,0
high32_only,mult32_nofold,100,0
high32_only,mult32_nofold,101,0
high32_only,mult32_nofold,102,0
high32_only,mult32_nofold,103,0
high32_only,mult32_nofold,104,0
high32_only,mult32_nofold,105,0
high32_only,mult32_nofold,106,0
high32_only,mult32_nofold,107,0
high32_only,mult32_nofold,108,0
high32_only,mult32_nofold,109,0
high32_only,mult32_nofold,110,0
high32_only,mult32_nofold,111,0
high32_only,mult32_nofold,112,0
high32_only,mult32_nofold,113,0
high32_only,mult32_nofold,114,0
high32_only,mult32_nofold,115,0
high32_only,mult32_nofold,116,0
high32_only,mult32_nofold,117,0
high32_only,mult32_nofold,118,0
high32_only,mult32_nofold,119,0
high32_only,mult32_nofold,120,0
high32_only,mult32_nofold,121,0
high32_only,mult32_nofold,122,0
high32_only,mult32_nofold,123,0
high32_only,mult32_nofold,124,0
high32_only,mult32_nofold,125,0
high32_only,mult32_nofold,126,0
high32_only,mult32_nofold,127,0
high32_only,mult32_nofold,128,0
high32_only,mult32_nofold,129,0
high32_only,mult32_nofold,130,0
high32_only,mult32_nofold,131,0
high32_only,mult32_nofold,132,0
high32_only,mult32_nofold,133,0
high32_only,mult32_nofold,134,0
high32_only,mult32_nofold,135,0
high32_only,mult32_nofold,136,0
high32_only,mult32_nofold,137,0
high32_only,mult32_nofold,138,0
high32_only,mult32_nofold,139,0
high32_only,mult32_nofold,140,0
high32_only,mult32_nofold,141,0
high32_only,mult32_nofold,142,0
high32_only,mult32_nofold,143,0
high32_only,mult32_nofold,144,0
high32_only,mult32_nofold,145,0
high32_only,mult32_nofold,146,0
high32_only,mult32_nofold,147,0
high32_only,mult32_nofold,148,0
high32_only,mult32_nofold,149,0
high32_only,mult32_nofold,150,0
high32_only,mult32_nofold,151,0
high32_only,mult32_nofold,152,0
high32_only,mult32_nofold,153,0
high32_only,mult32_nofold,154,0
high32_only,mult32_nofold,155,0
high32_only,mult32_nofold,156,0
high32_only,mult32_nofold,157,0
high32_only,mult32_nofold,158,0
high32_only,mult32_nofold,159,0
high32_only,mult32_nofold,160,0
high32_only,mult32_nofold,161,0
high32_only,mult32_nofold,162,0
high32_only,mult32_nofold,163,0
high32_only,mult32_nofold,164,0
high32_only,mult32_nofold,165,0
high32_only,mult32_nofold,166,0
high32_only,mult32_nofold,167,0
high32_only,mult32_nofold,168,0
high32_only,mult32_nofold,169,0
high32_only,mult32_nofold,170,0
high32_only,mult32_nofold,171,0
high32_only,mult32_nofold,172,0
high32_only,mult32_nofold,173,0
high32_only,mult32_nofold,174,0
high32_only,mult32_nofold,175,0
high32_only,mult32_nofold,176,0
high32_only,mult32_nofold,177,0
high32_only,mult32_nofold,178,0
high32_only,mult32_nofold,179,0
high32_only,mult32_nofold,180,0
high32_only,mult32_nofold,181,0
high32_only,mult32_nofold,182,0
high32_only,mult32_nofold,183,0
high32_only,mult32_nofold,184,0
high32_only,mult32_nofold,185,0
high32_only,mult32_nofold,186,0
high32_only,mult32_nofold,187,0
high32_only,mult32_nofold,188,0
high32_only,mult32_nofold,189,0
high32_only,mult32_nofold,190,0
high32_only,mult32_nofold,191,0
high32_only,mult32_nofold,192,0
high32_only,mult32_nofold,193,0
high32_only,mult32_nofold,194,0
high32_only,mult32_nofold,195,0
high32_only,mult32_nofold,196,0
high32_only,mult32_nofold,197,0
high32_only,mult32_nofold,198,0
high32_only,mult32_nofold,199,0
high32_only,mult32_nofold,200,0
high32_only,mult32_nofold,201,0
high32_only,mult32_nofold,202,0
high32_only,mult32_nofold,203,0
high32_only,mult32_nofold,204,0
high32_only,mult32_nofold,205,0
high32_only,mult32_nofold,206,0
high32_only,mult32_nofold,207,0
high32_only,mult32_nofold,208,0
high32_only,mult32_nofold,209,0
high32_only,mult32_nofold,210,0
high32_only,mult32_nofold,211,0
high32_only,mult32_nofold,212,0
high32_only,mult32_nofold,213,0
high32_only,mult32_nofold,214,0
high32_only,mult32_nofold,215,0
high32_only,mult32_nofold,216,0
high32_only,mult32_nofold,217,0
high32_only,mult32_nofold,218,0
high32_only,mult32_nofold,219,0
high32_only,mult32_nofold,220,0
high32_only,mult32_nofold,221,0
high32_only,mult32_nofold,222,0
high32_only,mult32_nofold,223,0
high32_only,mult32_nofold,224,0
high32_only,mult32_nofold,225,0
high32_only,mult32_nofold,226,0
high32_only,mult32_nofold,227,0
high32_only,mult32_nofold,228,0
high32_only,mult32_nofold,229,0
high32_only,mult32_nofold,230,0
high32_only,mult32_nofold,231,0
high32_only,mult32_nofold,232,0
high32_only,mult32_nofold,233,0
high32_only,mult32_nofold,234,0
high32_only,mult32_nofold,235,0
high32_only,mult32_nofold,236,0
high32_only,mult32_nofold,237,0
high32_only,mult32_nofold,238,0
high32_only,mult32_nofold,239,0
high32_only,mult32_nofold,240,0
high32_only,mult32_nofold,241,0
high32_only,mult32_nofold,242,0
high32_only,mult32_nofold,243,0
high32_only,mult32_nofold,244,0
high32_only,mult32_nofold,245,0
high32_only,mult32_nofold,246,0
high32_only,mult32_nofold,247,0
high32_only,mult32_nofold,248,0
high32_only,mult32_nofold,249,0
high32_only,mult32_nofold,250,0
high32_only,mult32_nofold,251,0
high32_only,mult32_nofold,252,0
high32_only,mult32_nofold,253,0
high32_only,mult32_nofold,254,0
high32_only,mult32_nofold,255,0
dup_1000,fib32,0,500510
dup_1000,fib32,1,399462
dup_1000,fib32,2,300747
dup_1000,fib32,3,400509
dup_1000,fib32,4,399452
dup_1000,fib32,5,399174
dup_1000,fib32,6,400045
dup_1000,fib32,7,299726
dup_1000,fib32,8,399580
dup_1000,fib32,9,399616
dup_1000,fib32,10,399952
dup_1000,fib32,11,399162
dup_1000,fib32,12,400432
dup_1000,fib32,13,399866
dup_1000,fib32,14,401105
dup_1000,fib32,15,300398
dup_1000,fib32,16,399503
dup_1000,fib32,17,399607
dup_1000,fib32,18,399730
dup_1000,fib32,19,401118
dup_1000,fib32,20,299478
dup_1000,fib32,21,499731
dup_1000,fib32,22,398760
dup_1000,fib32,23,400203
dup_1000,fib32,24,400270
dup_1000,fib32,25,399923
dup_1000,fib32,26,400711
dup_1000,fib32,27,400642
dup_1000,fib32,28,300415
dup_1000,fib32,29,399040
dup_1000,fib32,30,400287
dup_1000,fib32,31,400997
dup_1000,fib32,32,400887
dup_1000,fib32,33,399348
dup_1000,fib32,34,400901
dup_1000,fib32,35,400467
dup_1000,fib32,36,300325
dup_1000,fib32,37,400227
dup_1000,fib32,38,399688
dup_1000,fib32,39,400350
dup_1000,fib32,40,400670
dup_1000,fib32,41,299646
dup_1000,fib32,42,498915
dup_1000,fib32,43,300159
dup_1000,fib32,44,399708
dup_1000,fib32,45,398803
dup_1000,fib32,46,498871
dup_1000,fib32,47,399973
dup_1000,fib32,48,399267
dup_1000,fib32,49,299874
dup_1000,fib32,50,400787
dup_1000,fib32,51,399567
dup_1000,fib32,52,399695
dup_1000,fib32,53,399374
dup_1000,fib32,54,400372
dup_1000,fib32,55,401690
dup_1000,fib32,56,400032
dup_1000,fib32,57,300074
dup_1000,fib32,58,399135
dup_1000,fib32,59,399681
dup_1000,fib32,60,499028
dup_1000,fib32,61,400106
dup_1000,fib32,62,299618
dup_1000,fib32,63,500035
dup_1000,fib32,64,299461
dup_1000,fib32,65,399819
dup_1000,fib32,66,400357
dup_1000,fib32,67,399553
dup_1000,fib32,68,399468
dup_1000,fib32,69,400253
dup_1000,fib32,70,300666
dup_1000,fib32,71,400520
dup_1000,fib32,72,400764
dup_1000,fib32,73,399709
dup_1000,fib32,74,400464
dup_1000,fib32,75,400264
dup_1000,fib32,76,399008
dup_1000,fib32,77,299423
dup_1000,fib32,78,401047
dup_1000,fib32,79,400162
dup_1000,fib32,80,400479
dup_1000,fib32,81,399382
dup_1000,fib32,82,399869
dup_1000,fib32,83,399908
dup_1000,fib32,84,500779
dup_1000,fib32,85,299105
dup_1000,fib32,86,400092
dup_1000,fib32,87,399314
dup_1000,fib32,88,400056
dup_1000,fib32,89,399872
dup_1000,fib32,90,400869
dup_1000,fib32,91,300657
dup_1000,fib32,92,400653
dup_1000,fib32,93,399526
dup_1000,fib32,94,400074
dup_1000,fib32,95,400873
dup_1000,fib32,96,399435
dup_1000,fib32,97,400978
dup_1000,fib32,98,301729
dup_1000,fib32,99,400012
dup_1000,fib32,100,400197
dup_1000,fib32,101,399354
dup_1000,fib32,102,400855
dup_1000,fib32,103,400473
dup_1000,fib32,104,299797
dup_1000,fib32,105,500819
dup_1000,fib32,106,399960
dup_1000,fib32,107,398726
dup_1000,fib32,108,401528
dup_1000,fib32,109,399144
dup_1000,fib32,110,400112
dup_1000,fib32,111,399053
dup_1000,fib32,112,300473
dup_1000,fib32,113,399967
dup_1000,fib32,114,400210
dup_1000,fib32,115,400096
dup_1000,fib32,116,399735
dup_1000,fib32,117,399479
dup_1000,fib32,118,401073
dup_1000,fib32,119,300298
dup_1000,fib32,120,499744
dup_1000,fib32,121,400058
dup_1000,fib32,122,401931
dup_1000,fib32,123,400082
dup_1000,fib32,124,399486
dup_1000,fib32,125,300585
dup_1000,fib32,126,501049
dup_1000,fib32,127,300764
dup_1000,fib32,128,399085
dup_1000,fib32,129,400870
dup_1000,fib32,130,399682
dup_1000,fib32,131,400787
dup_1000,fib32,132,299184
dup_1000,fib32,133,399237
dup_1000,fib32,134,400065
dup_1000,fib32,135,399296
dup_1000,fib32,136,398306
dup_1000,fib32,137,400265
dup_1000,fib32,138,398870
dup_1000,fib32,139,400284
dup_1000,fib32,140,300008
dup_1000,fib32,141,399732
dup_1000,fib32,142,400425
dup_1000,fib32,143,500594
dup_1000,fib32,144,399969
dup_1000,fib32,145,399709
dup_1000,fib32,146,300184
dup_1000,fib32,147,500202
dup_1000,fib32,148,299996
dup_1000,fib32,149,399884
dup_1000,fib32,150,399063
dup_1000,fib32,151,400663
dup_1000,fib32,152,399255
dup_1000,fib32,153,299908
dup_1000,fib32,154,399846
dup_1000,fib32,155,399424
dup_1000,fib32,156,399478
dup_1000,fib32,157,400873
dup_1000,fib32,158,499393
dup_1000,fib32,159,401566
dup_1000,fib32,160,400560
dup_1000,fib32,161,298935
dup_1000,fib32,162,400016
dup_1000,fib32,163,400076
dup_1000,fib32,164,399869
dup_1000,fib32,165,400117
dup_1000,fib32,166,300943
dup_1000,fib32,167,397990
dup_1000,fib32,168,500590
dup_1000,fib32,169,299782
dup_1000,fib32,170,400743
dup_1000,fib32,171,400606
dup_1000,fib32,172,399198
dup_1000,fib32,173,400128
dup_1000,fib32,174,300883
dup_1000,fib32,175,399660
dup_1000,fib32,176,399727
dup_1000,fib32,177,399991
dup_1000,fib32,178,400644
dup_1000,fib32,179,400757
dup_1000,fib32,180,400606
dup_1000,fib32,181,500460
dup_1000,fib32,182,300623
dup_1000,fib32,183,398654
dup_1000,fib32,184,401082
dup_1000,fib32,185,400805
dup_1000,fib32,186,399491
dup_1000,fib32,187,300638
dup_1000,fib32,188,400632
dup_1000,fib32,189,401026
dup_1000,fib32,190,399777
dup_1000,fib32,191,399561
dup_1000,fib32,192,399419
dup_1000,fib32,193,399928
dup_1000,fib32,194,399989
dup_1000,fib32,195,299579
dup_1000,fib32,196,401258
dup_1000,fib32,197,399746
dup_1000,fib32,198,400491
dup_1000,fib32,199,398607
dup_1000,fib32,200,399373
dup_1000,fib32,201,399397
dup_1000,fib32,202,398971
dup_1000,fib32,203,300686
dup_1000,fib32,204,499078
dup_1000,fib32,205,399830
dup_1000,fib32,206,399655
dup_1000,fib32,207,399691
dup_1000,fib32,208,300084
dup_1000,fib32,209,400185
dup_1000,fib32,210,399958
dup_1000,fib32,211,399597
dup_1000,fib32,212,400116
dup_1000,fib32,213,401284
dup_1000,fib32,214,399900
dup_1000,fib32,215,399962
dup_1000,fib32,216,299945
dup_1000,fib32,217,400830
dup_1000,fib32,218,498987
dup_1000,fib32,219,400916
dup_1000,fib32,220,400286
dup_1000,fib32,221,300414
dup_1000,fib32,222,399446
dup_1000,fib32,223,500556
dup_1000,fib32,224,300134
dup_1000,fib32,225,399863
dup_1000,fib32,226,399896
dup_1000,fib32,227,398307
dup_1000,fib32,228,400598
dup_1000,fib32,229,301720
dup_1000,fib32,230,399880
dup_1000,fib32,231,400392
dup_1000,fib32,232,398026
dup_1000,fib32,233,399259
dup_1000,fib32,234,400197
dup_1000,fib32,235,400297
dup_1000,fib32,236,399600
dup_1000,fib32,237,299831
dup_1000,fib32,238,400135
dup_1000,fib32,239,400252
dup_1000,fib32,240,400931
dup_1000,fib32,241,500322
dup_1000,fib32,242,299243
dup_1000,fib32,243,399487
dup_1000,fib32,244,399730
dup_1000,fib32,245,399196
dup_1000,fib32,246,399682
dup_1000,fib32,247,399789
dup_1000,fib32,248,399654
dup_1000,fib32,249,400355
dup_1000,fib32,250,300641
dup_1000,fib32,251,398668
dup_1000,fib32,252,399390
dup_1000,fib32,253,400449
dup_1000,fib32,254,398503
dup_1000,fib32,255,399664
dup_1000,fib32_lowbits,0,399732
dup_1000,fib32_lowbits,1,398835
dup_1000,fib32_lowbits,2,400587
dup_1000,fib32_lowbits,3,400829
dup_1000,fib32_lowbits,4,400669
dup_1000,fib32_lowbits,5,400526
dup_1000,fib32_lowbits,6,401323
dup_1000,fib32_lowbits,7,399866
dup_1000,fib32_lowbits,8,401612
dup_1000,fib32_lowbits,9,400432
dup_1000,fib32_lowbits,10,401475
dup_1000,fib32_lowbits,11,400103
dup_1000,fib32_lowbits,12,399598
dup_1000,fib32_lowbits,13,298938
dup_1000,fib32_lowbits,14,399905
dup_1000,fib32_lowbits,15,399655
dup_1000,fib32_lowbits,16,400339
dup_1000,fib32_lowbits,17,401863
dup_1000,fib32_lowbits,18,400805
dup_1000,fib32_lowbits,19,400002
dup_1000,fib32_lowbits,20,400694
dup_1000,fib32_lowbits,21,401024
dup_1000,fib32_lowbits,22,399097
dup_1000,fib32_lowbits,23,400035
dup_1000,fib32_lowbits,24,400861
dup_1000,fib32_lowbits,25,400136
dup_1000,fib32_lowbits,26,300158
dup_1000,fib32_lowbits,27,399634
dup_1000,fib32_lowbits,28,300025
dup_1000,fib32_lowbits,29,399439
dup_1000,fib32_lowbits,30,399642
dup_1000,fib32_lowbits,31,399448
dup_1000,fib32_lowbits,32,399585
dup_1000,fib32_lowbits,33,399748
dup_1000,fib32_lowbits,34,399269
dup_1000,fib32_lowbits,35,400681
dup_1000,fib32_lowbits,36,399569
dup_1000,fib32_lowbits,37,399554
dup_1000,fib32_lowbits,38,399968
dup_1000,fib32_lowbits,39,400366
dup_1000,fib32_lowbits,40,400467
dup_1000,fib32_lowbits,41,299803
dup_1000,fib32_lowbits,42,400807
dup_1000,fib32_lowbits,43,400535
dup_1000,fib32_lowbits,44,400545
dup_1000,fib32_lowbits,45,400332
dup_1000,fib32_lowbits,46,399847
dup_1000,fib32_lowbits,47,400210
dup_1000,fib32_lowbits,48,400033
dup_1000,fib32_lowbits,49,398097
dup_1000,fib32_lowbits,50,399471
dup_1000,fib32_lowbits,51,400112
dup_1000,fib32_lowbits,52,399089
dup_1000,fib32_lowbits,53,401383
dup_1000,fib32_lowbits,54,398323
dup_1000,fib32_lowbits,55,398905
dup_1000,fib32_lowbits,56,299244
dup_1000,fib32_lowbits,57,400728
dup_1000,fib32_lowbits,58,399301
dup_1000,fib32_lowbits,59,399973
dup_1000,fib32_lowbits,60,400064
dup_1000,fib32_lowbits,61,399769
dup_1000,fib32_lowbits,62,399602
dup_1000,fib32_lowbits,63,398904
dup_1000,fib32_lowbits,64,399002
dup_1000,fib32_lowbits,65,399941
dup_1000,fib32_lowbits,66,400079
dup_1000,fib32_lowbits,67,399174
dup_1000,fib32_lowbits,68,399617
dup_1000,fib32_lowbits,69,299233
dup_1000,fib32_lowbits,70,400688
dup_1000,fib32_lowbits,71,300186
dup_1000,fib32_lowbits,72,399645
dup_1000,fib32_lowbits,73,400991
dup_1000,fib32_lowbits,74,399902
dup_1000,fib32_lowbits,75,400234
dup_1000,fib32_lowbits,76,398368
dup_1000,fib32_lowbits,77,400300
dup_1000,fib32_lowbits,78,400483
dup_1000,fib32_lowbits,79,400738
dup_1000,fib32_lowbits,80,400091
dup_1000,fib32_lowbits,81,399315
dup_1000,fib32_lowbits,82,400582
dup_1000,fib32_lowbits,83,398248
dup_1000,fib32_lowbits,84,298883
dup_1000,fib32_lowbits,85,400497
dup_1000,fib32_lowbits,86,400381
dup_1000,fib32_lowbits,87,398596
dup_1000,fib32_lowbits,88,399668
dup_1000,fib32_lowbits,89,400354
dup_1000,fib32_lowbits,90,399141
dup_1000,fib32_lowbits,91,400061
dup_1000,fib32_lowbits,92,400281
dup_1000,fib32_lowbits,93,399359
dup_1000,fib32_lowbits,94,400365
dup_1000,fib32_lowbits,95,399858
dup_1000,fib32_lowbits,96,399531
dup_1000,fib32_lowbits,97,300157
dup_1000,fib32_lowbits,98,398874
dup_1000,fib32_lowbits,99,300018
dup_1000,fib32_lowbits,100,400584
dup_1000,fib32_lowbits,101,399348
dup_1000,fib32_lowbits,102,401791
dup_1000,fib32_lowbits,103,399886
dup_1000,fib32_lowbits,104,399980
dup_1000,fib32_lowbits,105,399296
dup_1000,fib32_lowbits,106,400484
dup_1000,fib32_lowbits,107,399661
dup_1000,fib32_lowbits,108,399788
dup_1000,fib32_lowbits,109,399321
dup_1000,fib32_lowbits,110,400438
dup_1000,fib32_lowbits,111,400200
dup_1000,fib32_lowbits,112,299914
dup_1000,fib32_lowbits,113,400383
dup_1000,fib32_lowbits,114,399725
dup_1000,fib32_lowbits,115,399929
dup_1000,fib32_lowbits,116,400318
dup_1000,fib32_lowbits,117,400287
dup_1000,fib32_lowbits,118,400618
dup_1000,fib32_lowbits,119,399579
dup_1000,fib32_lowbits,120,399485
dup_1000,fib32_lowbits,121,399375
dup_1000,fib32_lowbits,122,400756
dup_1000,fib32_lowbits,123,401103
dup_1000,fib32_lowbits,124,402060
dup_1000,fib32_lowbits,125,399294
dup_1000,fib32_lowbits,126,400178
dup_1000,fib32_lowbits,127,300244
dup_1000,fib32_lowbits,128,399988
dup_1000,fib32_lowbits,129,399903
dup_1000,fib32_lowbits,130,400440
dup_1000,fib32_lowbits,131,399456
dup_1000,fib32_lowbits,132,400312
dup_1000,fib32_lowbits,133,400242
dup_1000,fib32_lowbits,134,400671
dup_1000,fib32_lowbits,135,400044
dup_1000,fib32_lowbits,136,398785
dup_1000,fib32_lowbits,137,400949
dup_1000,fib32_lowbits,138,400460
dup_1000,fib32_lowbits,139,400297
dup_1000,fib32_lowbits,140,299869
dup_1000,fib32_lowbits,141,400092
dup_1000,fib32_lowbits,142,299537
dup_1000,fib32_lowbits,143,399851
dup_1000,fib32_lowbits,144,399490
dup_1000,fib32_lowbits,145,399359
dup_1000,fib32_lowbits,146,399599
dup_1000,fib32_lowbits,147,399737
dup_1000,fib32_lowbits,148,400099
dup_1000,fib32_lowbits,149,399292
dup_1000,fib32_lowbits,150,400111
dup_1000,fib32_lowbits,151,400189
dup_1000,fib32_lowbits,152,400321
dup_1000,fib32_lowbits,153,400366
dup_1000,fib32_lowbits,154,399129
dup_1000,fib32_lowbits,155,300381
dup_1000,fib32_lowbits,156,399922
dup_1000,fib32_lowbits,157,401116
dup_1000,fib32_lowbits,158,401149
dup_1000,fib32_lowbits,159,399587
dup_1000,fib32_lowbits,160,400192
dup_1000,fib32_lowbits,161,400111
dup_1000,fib32_lowbits,162,400539
dup_1000,fib32_lowbits,163,401349
dup_1000,fib32_lowbits,164,399985
dup_1000,fib32_lowbits,165,400065
dup_1000,fib32_lowbits,166,399796
dup_1000,fib32_lowbits,167,400199
dup_1000,fib32_lowbits,168,300701
dup_1000,fib32_lowbits,169,399951
dup_1000,fib32_lowbits,170,299359
dup_1000,fib32_lowbits,171,398572
dup_1000,fib32_lowbits,172,400224
dup_1000,fib32_lowbits,173,399328
dup_1000,fib32_lowbits,174,399522
dup_1000,fib32_lowbits,175,401084
dup_1000,fib32_lowbits,176,399742
dup_1000,fib32_lowbits,177,400083
dup_1000,fib32_lowbits,178,400099
dup_1000,fib32_lowbits,179,400446
dup_1000,fib32_lowbits,180,399416
dup_1000,fib32_lowbits,181,399832
dup_1000,fib32_lowbits,182,400369
dup_1000,fib32_lowbits,183,299765
dup_1000,fib32_lowbits,184,398566
dup_1000,fib32_lowbits,185,399882
dup_1000,fib32_lowbits,186,400570
dup_1000,fib32_lowbits,187,399891
dup_1000,fib32_lowbits,188,399322
dup_1000,fib32_lowbits,189,399533
dup_1000,fib32_lowbits,190,400565
dup_1000,fib32_lowbits,191,400001
dup_1000,fib32_lowbits,192,399318
dup_1000,fib32_lowbits,193,399879
dup_1000,fib32_lowbits,194,399792
dup_1000,fib32_lowbits,195,399641
dup_1000,fib32_lowbits,196,401048
dup_1000,fib32_lowbits,197,399448
dup_1000,fib32_lowbits,198,300091
dup_1000,fib32_lowbits,199,400879
dup_1000,fib32_lowbits,200,399747
dup_1000,fib32_lowbits,201,399928
dup_1000,fib32_lowbits,202,400169
dup_1000,fib32_lowbits,203,398953
dup_1000,fib32_lowbits,204,400783
dup_1000,fib32_lowbits,205,400679
dup_1000,fib32_lowbits,206,399958
dup_1000,fib32_lowbits,207,399871
dup_1000,fib32_lowbits,208,399044
dup_1000,fib32_lowbits,209,399908
dup_1000,fib32_lowbits,210,400951
dup_1000,fib32_lowbits,211,300209
dup_1000,fib32_lowbits,212,399435
dup_1000,fib32_lowbits,213,300678
dup_1000,fib32_lowbits,214,400763
dup_1000,fib32_lowbits,215,399743
dup_1000,fib32_lowbits,216,400534
dup_1000,fib32_lowbits,217,400066
dup_1000,fib32_lowbits,218,400646
dup_1000,fib32_lowbits,219,400348
dup_1000,fib32_lowbits,220,400223
dup_1000,fib32_lowbits,221,399869
dup_1000,fib32_lowbits,222,399156
dup_1000,fib32_lowbits,223,399527
dup_1000,fib32_lowbits,224,399975
dup_1000,fib32_lowbits,225,400362
dup_1000,fib32_lowbits,226,299232
dup_1000,fib32_lowbits,227,399898
dup_1000,fib32_lowbits,228,400044
dup_1000,fib32_lowbits,229,400001
dup_1000,fib32_lowbits,230,399906
dup_1000,fib32_lowbits,231,399763
dup_1000,fib32_lowbits,232,400912
dup_1000,fib32_lowbits,233,400245
dup_1000,fib32_lowbits,234,400948
dup_1000,fib32_lowbits,235,400238
dup_1000,fib32_lowbits,236,400543
dup_1000,fib32_lowbits,237,401215
dup_1000,fib32_lowbits,238,399539
dup_1000,fib32_lowbits,239,400151
dup_1000,fib32_lowbits,240,398927
dup_1000,fib32_lowbits,241,300441
dup_1000,fib32_lowbits,242,398718
dup_1000,fib32_lowbits,243,400581
dup_1000,fib32_lowbits,244,400187
dup_1000,fib32_lowbits,245,399382
dup_1000,fib32_lowbits,246,399909
dup_1000,fib32_lowbits,247,400210
dup_1000,fib32_lowbits,248,398503
dup_1000,fib32_lowbits,249,399568
dup_1000,fib32_lowbits,250,400352
dup_1000,fib32_lowbits,251,399840
dup_1000,fib32_lowbits,252,399411
dup_1000,fib32_lowbits,253,399847
dup_1000,fib32_lowbits,254,301209
dup_1000,fib32_lowbits,255,400420
dup_1000,mod,0,399732
dup_1000,mod,1,399882
dup_1000,mod,2,399725
dup_1000,mod,3,400535
dup_1000,mod,4,400044
dup_1000,mod,5,401116
dup_1000,mod,6,400381
dup_1000,mod,7,399655
dup_1000,mod,8,399747
dup_1000,mod,9,399903
dup_1000,mod,10,399301
dup_1000,mod,11,400581
dup_1000,mod,12,400224
dup_1000,mod,13,399348
dup_1000,mod,14,399642
dup_1000,mod,15,399743
dup_1000,mod,16,399490
dup_1000,mod,17,400991
dup_1000,mod,18,400587
dup_1000,mod,19,399891
dup_1000,mod,20,400318
dup_1000,mod,21,400332
dup_1000,mod,22,399906
dup_1000,mod,23,399587
dup_1000,mod,24,399668
dup_1000,mod,25,401863
dup_1000,mod,26,400169
dup_1000,mod,27,399456
dup_1000,mod,28,400064
dup_1000,mod,29,399382
dup_1000,mod,30,399522
dup_1000,mod,31,399886
dup_1000,mod,32,399585
dup_1000,mod,33,400066
dup_1000,mod,34,399599
dup_1000,mod,35,400234
dup_1000,mod,36,400669
dup_1000,mod,37,399533
dup_1000,mod,38,400618
dup_1000,mod,39,400210
dup_1000,mod,40,400912
dup_1000,mod,41,400111
dup_1000,mod,42,399141
dup_1000,mod,43,400002
dup_1000,mod,44,400783
dup_1000,mod,45,400242
dup_1000,mod,46,399602
dup_1000,mod,47,400210
dup_1000,mod,48,399742
dup_1000,mod,49,399296
dup_1000,mod,50,399269
dup_1000,mod,51,400348
dup_1000,mod,52,400099
dup_1000,mod,53,400300
dup_1000,mod,54,401323
dup_1000,mod,55,400001
dup_1000,mod,56,399485
dup_1000,mod,57,398097
dup_1000,mod,58,400948
dup_1000,mod,59,401349
dup_1000,mod,60,400281
dup_1000,mod,61,401024
dup_1000,mod,62,399958
dup_1000,mod,63,400044
dup_1000,mod,64,399002
dup_1000,mod,65,399568
dup_1000,mod,66,400099
dup_1000,mod,67,399661
dup_1000,mod,68,399569
dup_1000,mod,69,399869
dup_1000,mod,70,400111
dup_1000,mod,71,400738
dup_1000,mod,72,401612
dup_1000,mod,73,399879
dup_1000,mod,74,400756
dup_1000,mod,75,400112
dup_1000,mod,76,400543
dup_1000,mod,77,400065
dup_1000,mod,78,400365
dup_1000,mod,79,400035
dup_1000,mod,80,399044
dup_1000,mod,81,400949
dup_1000,mod,82,400079
dup_1000,mod,83,399840
dup_1000,mod,84,399416
dup_1000,mod,85,399321
dup_1000,mod,86,399968
dup_1000,mod,87,399527
dup_1000,mod,88,400321
dup_1000,mod,89,399315
dup_1000,mod,90,401475
dup_1000,mod,91,399641
dup_1000,mod,92,402060
dup_1000,mod,93,401383
dup_1000,mod,94,399539
dup_1000,mod,95,400199
dup_1000,mod,96,399531
dup_1000,mod,97,400136
dup_1000,mod,98,400951
dup_1000,mod,99,400297
dup_1000,mod,100,399617
dup_1000,mod,101,399847
dup_1000,mod,102,400369
dup_1000,mod,103,400200
dup_1000,mod,104,400467
dup_1000,mod,105,400362
dup_1000,mod,106,399129
dup_1000,mod,107,398248
dup_1000,mod,108,399598
dup_1000,mod,109,399448
dup_1000,mod,110,400178
dup_1000,mod,111,398905
dup_1000,mod,112,398927
dup_1000,mod,113,399951
dup_1000,mod,114,398874
dup_1000,mod,115,399634
dup_1000,mod,116,399435
dup_1000,mod,117,400092
dup_1000,mod,118,400688
dup_1000,mod,119,400420
dup_1000,mod,120,398566
dup_1000,mod,121,400383
dup_1000,mod,122,400807
dup_1000,mod,123,399898
dup_1000,mod,124,399922
dup_1000,mod,125,400497
dup_1000,mod,126,399905
dup_1000,mod,127,400879
dup_1000,mod,128,399988
dup_1000,mod,129,400728
dup_1000,mod,130,398718
dup_1000,mod,131,398572
dup_1000,mod,132,400584
dup_1000,mod,133,399439
dup_1000,mod,134,400763
dup_1000,mod,135,399851
dup_1000,mod,136,399645
dup_1000,mod,137,398835
dup_1000,mod,138,400570
dup_1000,mod,139,399929
dup_1000,mod,140,400545
dup_1000,mod,141,400001
dup_1000,mod,142,401149
dup_1000,mod,143,398596
dup_1000,mod,144,400339
dup_1000,mod,145,399928
dup_1000,mod,146,400440
dup_1000,mod,147,399973
dup_1000,mod,148,400187
dup_1000,mod,149,399328
dup_1000,mod,150,401791
dup_1000,mod,151,399448
dup_1000,mod,152,400534
dup_1000,mod,153,399359
dup_1000,mod,154,399902
dup_1000,mod,155,400829
dup_1000,mod,156,399322
dup_1000,mod,157,400287
dup_1000,mod,158,399847
dup_1000,mod,159,399763
dup_1000,mod,160,400192
dup_1000,mod,161,400354
dup_1000,mod,162,400805
dup_1000,mod,163,398953
dup_1000,mod,164,400312
dup_1000,mod,165,399769
dup_1000,mod,166,399909
dup_1000,mod,167,401084
dup_1000,mod,168,399980
dup_1000,mod,169,399748
dup_1000,mod,170,400646
dup_1000,mod,171,399737
dup_1000,mod,172,398368
dup_1000,mod,173,400526
dup_1000,mod,174,400565
dup_1000,mod,175,399579
dup_1000,mod,176,400033
dup_1000,mod,177,400245
dup_1000,mod,178,400539
dup_1000,mod,179,400061
dup_1000,mod,180,400694
dup_1000,mod,181,400679
dup_1000,mod,182,400671
dup_1000,mod,183,398904
dup_1000,mod,184,398503
dup_1000,mod,185,400083
dup_1000,mod,186,400484
dup_1000,mod,187,400681
dup_1000,mod,188,400223
dup_1000,mod,189,399292
dup_1000,mod,190,400483
dup_1000,mod,191,399866
dup_1000,mod,192,399318
dup_1000,mod,193,399375
dup_1000,mod,194,399471
dup_1000,mod,195,400238
dup_1000,mod,196,399985
dup_1000,mod,197,399359
dup_1000,mod,198,399097
dup_1000,mod,199,399871
dup_1000,mod,200,398785
dup_1000,mod,201,399941
dup_1000,mod,202,400352
dup_1000,mod,203,400446
dup_1000,mod,204,399788
dup_1000,mod,205,399554
dup_1000,mod,206,399156
dup_1000,mod,207,400189
dup_1000,mod,208,400091
dup_1000,mod,209,400432
dup_1000,mod,210,399792
dup_1000,mod,211,401103
dup_1000,mod,212,399089
dup_1000,mod,213,401215
dup_1000,mod,214,399796
dup_1000,mod,215,399858
dup_1000,mod,216,400861
dup_1000,mod,217,399908
dup_1000,mod,218,400460
dup_1000,mod,219,399174
dup_1000,mod,220,399411
dup_1000,mod,221,399832
dup_1000,mod,222,400438
dup_1000,mod,223,400366
dup_1000,mod,224,399975
dup_1000,mod,225,400366
dup_1000,mod,226,400582
dup_1000,mod,227,400103
dup_1000,mod,228,401048
dup_1000,mod,229,399294
dup_1000,mod,230,398323
dup_1000,mod,231,400151
dup_1000,mod,232,300701
dup_1000,mod,233,300157
dup_1000,mod,234,300158
dup_1000,mod,235,300209
dup_1000,mod,236,299869
dup_1000,mod,237,299233
dup_1000,mod,238,301209
dup_1000,mod,239,299765
dup_1000,mod,240,299914
dup_1000,mod,241,299803
dup_1000,mod,242,299232
dup_1000,mod,243,300381
dup_1000,mod,244,298883
dup_1000,mod,245,298938
dup_1000,mod,246,300091
dup_1000,mod,247,300244
dup_1000,mod,248,299244
dup_1000,mod,249,300441
dup_1000,mod,250,299359
dup_1000,mod,251,300018
dup_1000,mod,252,300025
dup_1000,mod,253,300678
dup_1000,mod,254,299537
dup_1000,mod,255,300186
dup_1000,fib64,0,500510
dup_1000,fib64,1,399462
dup_1000,fib64,2,300747
dup_1000,fib64,3,400509
dup_1000,fib64,4,399452
dup_1000,fib64,5,399174
dup_1000,fib64,6,400045
dup_1000,fib64,7,299726
dup_1000,fib64,8,399580
dup_1000,fib64,9,399616
dup_1000,fib64,10,399952
dup_1000,fib64,11,399162
dup_1000,fib64,12,400432
dup_1000,fib64,13,399866
dup_1000,fib64,14,401105
dup_1000,fib64,15,300398
dup_1000,fib64,16,399503
dup_1000,fib64,17,399607
dup_1000,fib64,18,399730
dup_1000,fib64,19,401118
dup_1000,fib64,20,299478
dup_1000,fib64,21,499731
dup_1000,fib64,22,398760
dup_1000,fib64,23,400203
dup_1000,fib64,24,400270
dup_1000,fib64,25,399923
dup_1000,fib64,26,400711
dup_1000,fib64,27,400642
dup_1000,fib64,28,300415
dup_1000,fib64,29,399040
dup_1000,fib64,30,400287
dup_1000,fib64,31,400997
dup_1000,fib64,32,400887
dup_1000,fib64,33,399348
dup_1000,fib64,34,400901
dup_1000,fib64,35,400467
dup_1000,fib64,36,300325
dup_1000,fib64,37,400227
dup_1000,fib64,38,399688
dup_1000,fib64,39,400350
dup_1000,fib64,40,400670
dup_1000,fib64,41,299646
dup_1000,fib64,42,498915
dup_1000,fib64,43,300159
dup_1000,fib64,44,399708
dup_1000,fib64,45,398803
dup_1000,fib64,46,498871
dup_1000,fib64,47,399973
dup_1000,fib64,48,399267
dup_1000,fib64,49,299874
dup_1000,fib64,50,400787
dup_1000,fib64,51,399567
dup_1000,fib64,52,399695
dup_1000,fib64,53,399374
dup_1000,fib64,54,400372
dup_1000,fib64,55,401690
dup_1000,fib64,56,400032
dup_1000,fib64,57,300074
dup_1000,fib64,58,399135
dup_1000,fib64,59,399681
dup_1000,fib64,60,499028
dup_1000,fib64,61,400106
dup_1000,fib64,62,299618
dup_1000,fib64,63,500035
dup_1000,fib64,64,299461
dup_1000,fib64,65,399819
dup_1000,fib64,66,400357
dup_1000,fib64,67,399553
dup_1000,fib64,68,399468
dup_1000,fib64,69,400253
dup_1000,fib64,70,300666
dup_1000,fib64,71,400520
dup_1000,fib64,72,400764
dup_1000,fib64,73,399709
dup_1000,fib64,74,400464
dup_1000,fib64,75,400264
dup_1000,fib64,76,399008
dup_1000,fib64,77,299423
dup_1000,fib64,78,401047
dup_1000,fib64,79,400162
dup_1000,fib64,80,400479
dup_1000,fib64,81,399382
dup_1000,fib64,82,399869
dup_1000,fib64,83,399908
dup_1000,fib64,84,500779
dup_1000,fib64,85,299105
dup_1000,fib64,86,400092
dup_1000,fib64,87,399314
dup_1000,fib64,88,400056
dup_1000,fib64,89,399872
dup_1000,fib64,90,400869
dup_1000,fib64,91,300657
dup_1000,fib64,92,400653
dup_1000,fib64,93,399526
dup_1000,fib64,94,400074
dup_1000,fib64,95,400873
dup_1000,fib64,96,399435
dup_1000,fib64,97,400978
dup_1000,fib64,98,301729
dup_1000,fib64,99,400012
dup_1000,fib64,100,400197
dup_1000,fib64,101,399354
dup_1000,fib64,102,400855
dup_1000,fib64,103,400473
dup_1000,fib64,104,299797
dup_1000,fib64,105,500819
dup_1000,fib64,106,399960
dup_1000,fib64,107,398726
dup_1000,fib64,108,401528
dup_1000,fib64,109,399144
dup_1000,fib64,110,400112
dup_1000,fib64,111,399053
dup_1000,fib64,112,300473
dup_1000,fib64,113,399967
dup_1000,fib64,114,400210
dup_1000,fib64,115,400096
dup_1000,fib64,116,399735
dup_1000,fib64,117,399479
dup_1000,fib64,118,401073
dup_1000,fib64,119,300298
dup_1000,fib64,120,499744
dup_1000,fib64,121,400058
dup_1000,fib64,122,401931
dup_1000,fib64,123,400082
dup_1000,fib64,124,399486
dup_1000,fib64,125,300585
dup_1000,fib64,126,501049
dup_1000,fib64,127,300764
dup_1000,fib64,128,399085
dup_1000,fib64,129,400870
dup_1000,fib64,130,399682
dup_1000,fib64,131,400787
dup_1000,fib64,132,299184
dup_1000,fib64,133,399237
dup_1000,fib64,134,400065
dup_1000,fib64,135,399296
dup_1000,fib64,136,398306
dup_1000,fib64,137,400265
dup_1000,fib64,138,398870
dup_1000,fib64,139,400284
dup_1000,fib64,140,300008
dup_1000,fib64,141,399732
dup_1000,fib64,142,400425
dup_1000,fib64,143,500594
dup_1000,fib64,144,399969
dup_1000,fib64,145,399709
dup_1000,fib64,146,300184
dup_1000,fib64,147,500202
dup_1000,fib64,148,299996
dup_1000,fib64,149,399884
dup_1000,fib64,150,399063
dup_1000,fib64,151,400663
dup_1000,fib64,152,399255
dup_1000,fib64,153,299908
dup_1000,fib64,154,399846
dup_1000,fib64,155,399424
dup_1000,fib64,156,399478
dup_1000,fib64,157,400873
dup_1000,fib64,158,499393
dup_1000,fib64,159,401566
dup_1000,fib64,160,400560
dup_1000,fib64,161,298935
dup_1000,fib64,162,400016
dup_1000,fib64,163,400076
dup_1000,fib64,164,399869
dup_1000,fib64,165,400117
dup_1000,fib64,166,300943
dup_1000,fib64,167,397990
dup_1000,fib64,168,500590
dup_1000,fib64,169,299782
dup_1000,fib64,170,400743
dup_1000,fib64,171,400606
dup_1000,fib64,172,399198
dup_1000,fib64,173,400128
dup_1000,fib64,174,300883
dup_1000,fib64,175,399660
dup_1000,fib64,176,399727
dup_1000,fib64,177,399991
dup_1000,fib64,178,400644
dup_1000,fib64,179,400757
dup_1000,fib64,180,400606
dup_1000,fib64,181,500460
dup_1000,fib64,182,300623
dup_1000,fib64,183,398654
dup_1000,fib64,184,401082
dup_1000,fib64,185,400805
dup_1000,fib64,186,399491
dup_1000,fib64,187,300638
dup_1000,fib64,188,400632
dup_1000,fib64,189,401026
dup_1000,fib64,190,399777
dup_1000,fib64,191,399561
dup_1000,fib64,192,399419
dup_1000,fib64,193,399928
dup_1000,fib64,194,399989
dup_1000,fib64,195,299579
dup_1000,fib64,196,401258
dup_1000,fib64,197,399746
dup_1000,fib64,198,400491
dup_1000,fib64,199,398607
dup_1000,fib64,200,399373
dup_1000,fib64,201,399397
dup_1000,fib64,202,398971
dup_1000,fib64,203,300686
dup_1000,fib64,204,499078
dup_1000,fib64,205,399830
dup_1000,fib64,206,399655
dup_1000,fib64,207,399691
dup_1000,fib64,208,300084
dup_1000,fib64,209,400185
dup_1000,fib64,210,399958
dup_1000,fib64,211,399597
dup_1000,fib64,212,400116
dup_1000,fib64,213,401284
dup_1000,fib64,214,399900
dup_1000,fib64,215,399962
dup_1000,fib64,216,299945
dup_1000,fib64,217,400830
dup_1000,fib64,218,498987
dup_1000,fib64,219,400916
dup_1000,fib64,220,400286
dup_1000,fib64,221,300414
dup_1000,fib64,222,399446
dup_1000,fib64,223,500556
dup_1000,fib64,224,300134
dup_1000,fib64,225,399863
dup_1000,fib64,226,399896
dup_1000,fib64,227,398307
dup_1000,fib64,228,400598
dup_1000,fib64,229,301720
dup_1000,fib64,230,399880
dup_1000,fib64,231,400392
dup_1000,fib64,232,398026
dup_1000,fib64,233,399259
dup_1000,fib64,234,400197
dup_1000,fib64,235,400297
dup_1000,fib64,236,399600
dup_1000,fib64,237,299831
dup_1000,fib64,238,400135
dup_1000,fib64,239,400252
dup_1000,fib64,240,400931
dup_1000,fib64,241,500322
dup_1000,fib64,242,299243
dup_1000,fib64,243,399487
dup_1000,fib64,244,399730
dup_1000,fib64,245,399196
dup_1000,fib64,246,399682
dup_1000,fib64,247,399789
dup_1000,fib64,248,399654
dup_1000,fib64,249,400355
dup_1000,fib64,250,300641
dup_1000,fib64,251,398668
dup_1000,fib64,252,399390
dup_1000,fib64,253,400449
dup_1000,fib64,254,398503
dup_1000,fib64,255,399664
dup_1000,mult32_nofold,0,500510
dup_1000,mult32_nofold,1,399462
dup_1000,mult32_nofold,2,300747
dup_1000,mult32_nofold,3,400509
dup_1000,mult32_nofold,4,399452
dup_1000,mult32_nofold,5,399174
dup_1000,mult32_nofold,6,400045
dup_1000,mult32_nofold,7,299726
dup_1000,mult32_nofold,8,399580
dup_1000,mult32_nofold,9,399616
dup_1000,mult32_nofold,10,399952
dup_1000,mult32_nofold,11,399162
dup_1000,mult32_nofold,12,400432
dup_1000,mult32_nofold,13,399866
dup_1000,mult32_nofold,14,401105
dup_1000,mult32_nofold,15,300398
dup_1000,mult32_nofold,16,399503
dup_1000,mult32_nofold,17,399607
dup_1000,mult32_nofold,18,399730
dup_1000,mult32_nofold,19,401118
dup_1000,mult32_nofold,20,299478
dup_1000,mult32_nofold,21,499731
dup_1000,mult32_nofold,22,398760
dup_1000,mult32_nofold,23,400203
dup_1000,mult32_nofold,24,400270
dup_1000,mult32_nofold,25,399923
dup_1000,mult32_nofold,26,400711
dup_1000,mult32_nofold,27,400642
dup_1000,mult32_nofold,28,300415
dup_1000,mult32_nofold,29,399040
dup_1000,mult32_nofold,30,400287
dup_1000,mult32_nofold,31,400997
dup_1000,mult32_nofold,32,400887
dup_1000,mult32_nofold,33,399348
dup_1000,mult32_nofold,34,400901
dup_1000,mult32_nofold,35,400467
dup_1000,mult32_nofold,36,300325
dup_1000,mult32_nofold,37,400227
dup_1000,mult32_nofold,38,399688
dup_1000,mult32_nofold,39,400350
dup_1000,mult32_nofold,40,400670
dup_1000,mult32_nofold,41,299646
dup_1000,mult32_nofold,42,498915
dup_1000,mult32_nofold,43,300159
dup_1000,mult32_nofold,44,399708
dup_1000,mult32_nofold,45,398803
dup_1000,mult32_nofold,46,498871
dup_1000,mult32_nofold,47,399973
dup_1000,mult32_nofold,48,399267
dup_1000,mult32_nofold,49,299874
dup_1000,mult32_nofold,50,400787
dup_1000,mult32_nofold,51,399567
dup_1000,mult32_nofold,52,399695
dup_1000,mult32_nofold,53,399374
dup_1000,mult32_nofold,54,400372
dup_1000,mult32_nofold,55,401690
dup_1000,mult32_nofold,56,400032
dup_1000,mult32_nofold,57,300074
dup_1000,mult32_nofold,58,399135
dup_1000,mult32_nofold,59,399681
dup_1000,mult32_nofold,60,499028
dup_1000,mult32_nofold,61,400106
dup_1000,mult32_nofold,62,299618
dup_1000,mult32_nofold,63,500035
dup_1000,mult32_nofold,64,299461
dup_1000,mult32_nofold,65,399819
dup_1000,mult32_nofold,66,400357
dup_1000,mult32_nofold,67,399553
dup_1000,mult32_nofold,68,399468
dup_1000,mult32_nofold,69,400253
dup_1000,mult32_nofold,70,300666
dup_1000,mult32_nofold,71,400520
dup_1000,mult32_nofold,72,400764
dup_1000,mult32_nofold,73,399709
dup_1000,mult32_nofold,74,400464
dup_1000,mult32_nofold,75,400264
dup_1000,mult32_nofold,76,399008
dup_1000,mult32_nofold,77,299423
dup_1000,mult32_nofold,78,401047
dup_1000,mult32_nofold,79,400162
dup_1000,mult32_nofold,80,400479
dup_1000,mult32_nofold,81,399382
dup_1000,mult32_nofold,82,399869
dup_1000,mult32_nofold,83,399908
dup_1000,mult32_nofold,84,500779
dup_1000,mult32_nofold,85,299105
dup_1000,mult32_nofold,86,400092
dup_1000,mult32_nofold,87,399314
dup_1000,mult32_nofold,88,400056
dup_1000,mult32_nofold,89,399872
dup_1000,mult32_nofold,90,400869
dup_1000,mult32_nofold,91,300657
dup_1000,mult32_nofold,92,400653
dup_1000,mult32_nofold,93,399526
dup_1000,mult32_nofold,94,400074
dup_1000,mult32_nofold,95,400873
dup_1000,mult32_nofold,96,399435
dup_1000,mult32_nofold,97,400978
dup_1000,mult32_nofold,98,301729
dup_1000,mult32_nofold,99,400012
dup_1000,mult32_nofold,100,400197
dup_1000,mult32_nofold,101,399354
dup_1000,mult32_nofold,102,400855
dup_1000,mult32_nofold,103,400473
dup_1000,mult32_nofold,104,299797
dup_1000,mult32_nofold,105,500819
dup_1000,mult32_nofold,106,399960
dup_1000,mult32_nofold,107,398726
dup_1000,mult32_nofold,108,401528
dup_1000,mult32_nofold,109,399144
dup_1000,mult32_nofold,110,400112
dup_1000,mult32_nofold,111,399053
dup_1000,mult32_nofold,112,300473
dup_1000,mult32_nofold,113,399967
dup_1000,mult32_nofold,114,400210
dup_1000,mult32_nofold,115,400096
dup_1000,mult32_nofold,116,399735
dup_1000,mult32_nofold,117,399479
dup_1000,mult32_nofold,118,401073
dup_1000,mult32_nofold,119,300298
dup_1000,mult32_nofold,120,499744
dup_1000,mult32_nofold,121,400058
dup_1000,mult32_nofold,122,401931
dup_1000,mult32_nofold,123,400082
dup_1000,mult32_nofold,124,399486
dup_1000,mult32_nofold,125,300585
dup_1000,mult32_nofold,126,501049
dup_1000,mult32_nofold,127,300764
dup_1000,mult32_nofold,128,399085
dup_1000,mult32_nofold,129,400870
dup_1000,mult32_nofold,130,399682
dup_1000,mult32_nofold,131,400787
dup_1000,mult32_nofold,132,299184
dup_1000,mult32_nofold,133,399237
dup_1000,mult32_nofold,134,400065
dup_1000,mult32_nofold,135,399296
dup_1000,mult32_nofold,136,398306
dup_1000,mult32_nofold,137,400265
dup_1000,mult32_nofold,138,398870
dup_1000,mult32_nofold,139,400284
dup_1000,mult32_nofold,140,300008
dup_1000,mult32_nofold,141,399732
dup_1000,mult32_nofold,142,400425
dup_1000,mult32_nofold,143,500594
dup_1000,mult32_nofold,144,399969
dup_1000,mult32_nofold,145,399709
dup_1000,mult32_nofold,146,300184
dup_1000,mult32_nofold,147,500202
dup_1000,mult32_nofold,148,299996
dup_1000,mult32_nofold,149,399884
dup_1000,mult32_nofold,150,399063
dup_1000,mult32_nofold,151,400663
dup_1000,mult32_nofold,152,399255
dup_1000,mult32_nofold,153,299908
dup_1000,mult32_nofold,154,399846
dup_1000,mult32_nofold,155,399424
dup_1000,mult32_nofold,156,399478
dup_1000,mult32_nofold,157,400873
dup_1000,mult32_nofold,158,499393
dup_1000,mult32_nofold,159,401566
dup_1000,mult32_nofold,160,400560
dup_1000,mult32_nofold,161,298935
dup_1000,mult32_nofold,162,400016
dup_1000,mult32_nofold,163,400076
dup_1000,mult32_nofold,164,399869
dup_1000,mult32_nofold,165,400117
dup_1000,mult32_nofold,166,300943
dup_1000,mult32_nofold,167,397990
dup_1000,mult32_nofold,168,500590
dup_1000,mult32_nofold,169,299782
dup_1000,mult32_nofold,170,400743
dup_1000,mult32_nofold,171,400606
dup_1000,mult32_nofold,172,399198
dup_1000,mult32_nofold,173,400128
dup_1000,mult32_nofold,174,300883
dup_1000,mult32_nofold,175,399660
dup_1000,mult32_nofold,176,399727
dup_1000,mult32_nofold,177,399991
dup_1000,mult32_nofold,178,400644
dup_1000,mult32_nofold,179,400757
dup_1000,mult32_nofold,180,400606
dup_1000,mult32_nofold,181,500460
dup_1000,mult32_nofold,182,300623
dup_1000,mult32_nofold,183,398654
dup_1000,mult32_nofold,184,401082
dup_1000,mult32_nofold,185,400805
dup_1000,mult32_nofold,186,399491
dup_1000,mult32_nofold,187,300638
dup_1000,mult32_nofold,188,400632
dup_1000,mult32_nofold,189,401026
dup_1000,mult32_nofold,190,399777
dup_1000,mult32_nofold,191,399561
dup_1000,mult32_nofold,192,399419
dup_1000,mult32_nofold,193,399928
dup_1000,mult32_nofold,194,399989
dup_1000,mult32_nofold,195,299579
dup_1000,mult32_nofold,196,401258
dup_1000,mult32_nofold,197,399746
dup_1000,mult32_nofold,198,400491
dup_1000,mult32_nofold,199,398607
dup_1000,mult32_nofold,200,399373
dup_1000,mult32_nofold,201,399397
dup_1000,mult32_nofold,202,398971
dup_1000,mult32_nofold,203,300686
dup_1000,mult32_nofold,204,499078
dup_1000,mult32_nofold,205,399830
dup_1000,mult32_nofold,206,399655
dup_1000,mult32_nofold,207,399691
dup_1000,mult32_nofold,208,300084
dup_1000,mult32_nofold,209,400185
dup_1000,mult32_nofold,210,399958
dup_1000,mult32_nofold,211,399597
dup_1000,mult32_nofold,212,400116
dup_1000,mult32_nofold,213,401284
dup_1000,mult32_nofold,214,399900
dup_1000,mult32_nofold,215,399962
dup_1000,mult32_nofold,216,299945
dup_1000,mult32_nofold,217,400830
dup_1000,mult32_nofold,218,498987
dup_1000,mult32_nofold,219,400916
dup_1000,mult32_nofold,220,400286
dup_1000,mult32_nofold,221,300414
dup_1000,mult32_nofold,222,399446
dup_1000,mult32_nofold,223,500556
dup_1000,mult32_nofold,224,300134
dup_1000,mult32_nofold,225,399863
dup_1000,mult32_nofold,226,399896
dup_1000,mult32_nofold,227,398307
dup_1000,mult32_nofold,228,400598
dup_1000,mult32_nofold,229,301720
dup_1000,mult32_nofold,230,399880
dup_1000,mult32_nofold,231,400392
dup_1000,mult32_nofold,232,398026
dup_1000,mult32_nofold,233,399259
dup_1000,mult32_nofold,234,400197
dup_1000,mult32_nofold,235,400297
dup_1000,mult32_nofold,236,399600
dup_1000,mult32_nofold,237,299831
dup_1000,mult32_nofold,238,400135
dup_1000,mult32_nofold,239,400252
dup_1000,mult32_nofold,240,400931
dup_1000,mult32_nofold,241,500322
dup_1000,mult32_nofold,242,299243
dup_1000,mult32_nofold,243,399487
dup_1000,mult32_nofold,244,399730
dup_1000,mult32_nofold,245,399196
dup_1000,mult32_nofold,246,399682
dup_1000,mult32_nofold,247,399789
dup_1000,mult32_nofold,248,399654
dup_1000,mult32_nofold,249,400355
dup_1000,mult32_nofold,250,300641
dup_1000,mult32_nofold,251,398668
dup_1000,mult32_nofold,252,399390
dup_1000,mult32_nofold,253,400449
dup_1000,mult32_nofold,254,398503
dup_1000,mult32_nofold,255,399664
dup_struct,fib32,0,399464
dup_struct,fib32,1,400800
dup_struct,fib32,2,399280
dup_struct,fib32,3,398855
dup_struct,fib32,4,499897
dup_struct,fib32,5,400123
dup_struct,fib32,6,299629
dup_struct,fib32,7,300838
dup_struct,fib32,8,500015
dup_struct,fib32,9,399284
dup_struct,fib32,10,399695
dup_struct,fib32,11,399358
dup_struct,fib32,12,300740
dup_struct,fib32,13,400313
dup_struct,fib32,14,399457
dup_struct,fib32,15,400581
dup_struct,fib32,16,399810
dup_struct,fib32,17,498380
dup_struct,fib32,18,299612
dup_struct,fib32,19,299394
dup_struct,fib32,20,400038
dup_struct,fib32,21,499853
dup_struct,fib32,22,400332
dup_struct,fib32,23,399491
dup_struct,fib32,24,299177
dup_struct,fib32,25,300997
dup_struct,fib32,26,498989
dup_struct,fib32,27,400035
dup_struct,fib32,28,400079
dup_struct,fib32,29,400592
dup_struct,fib32,30,300133
dup_struct,fib32,31,399277
dup_struct,fib32,32,400699
dup_struct,fib32,33,499200
dup_struct,fib32,34,400038
dup_struct,fib32,35,299402
dup_struct,fib32,36,299949
dup_struct,fib32,37,399854
dup_struct,fib32,38,500966
dup_struct,fib32,39,399787
dup_struct,fib32,40,399963
dup_struct,fib32,41,400722
dup_struct,fib32,42,301260
dup_struct,fib32,43,400191
dup_struct,fib32,44,400935
dup_struct,fib32,45,400075
dup_struct,fib32,46,500169
dup_struct,fib32,47,400597
dup_struct,fib32,48,300096
dup_struct,fib32,49,300161
dup_struct,fib32,50,401217
dup_struct,fib32,51,500394
dup_struct,fib32,52,400647
dup_struct,fib32,53,399469
dup_struct,fib32,54,299952
dup_struct,fib32,55,400206
dup_struct,fib32,56,400159
dup_struct,fib32,57,398783
dup_struct,fib32,58,501443
dup_struct,fib32,59,299056
dup_struct,fib32,60,301078
dup_struct,fib32,61,401766
dup_struct,fib32,62,400755
dup_struct,fib32,63,498662
dup_struct,fib32,64,400241
dup_struct,fib32,65,299760
dup_struct,fib32,66,300695
dup_struct,fib32,67,500732
dup_struct,fib32,68,399112
dup_struct,fib32,69,399012
dup_struct,fib32,70,400789
dup_struct,fib32,71,400404
dup_struct,fib32,72,299483
dup_struct,fib32,73,399867
dup_struct,fib32,74,400325
dup_struct,fib32,75,399336
dup_struct,fib32,76,499063
dup_struct,fib32,77,400087
dup_struct,fib32,78,198935
dup_struct,fib32,79,400262
dup_struct,fib32,80,499549
dup_struct,fib32,81,399798
dup_struct,fib32,82,399612
dup_struct,fib32,83,399700
dup_struct,fib32,84,299868
dup_struct,fib32,85,400144
dup_struct,fib32,86,400674
dup_struct,fib32,87,399708
dup_struct,fib32,88,500358
dup_struct,fib32,89,299567
dup_struct,fib32,90,300562
dup_struct,fib32,91,401165
dup_struct,fib32,92,499030
dup_struct,fib32,93,400107
dup_struct,fib32,94,400045
dup_struct,fib32,95,300504
dup_struct,fib32,96,398709
dup_struct,fib32,97,399571
dup_struct,fib32,98,399153
dup_struct,fib32,99,400559
dup_struct,fib32,100,399418
dup_struct,fib32,101,400003
dup_struct,fib32,102,300168
dup_struct,fib32,103,400036
dup_struct,fib32,104,398846
dup_struct,fib32,105,499079
dup_struct,fib32,106,399397
dup_struct,fib32,107,298984
dup_struct,fib32,108,300073
dup_struct,fib32,109,500483
dup_struct,fib32,110,399789
dup_struct,fib32,111,400488
dup_struct,fib32,112,400060
dup_struct,fib32,113,300210
dup_struct,fib32,114,400503
dup_struct,fib32,115,400546
dup_struct,fib32,116,400141
dup_struct,fib32,117,499401
dup_struct,fib32,118,399650
dup_struct,fib32,119,300647
dup_struct,fib32,120,300302
dup_struct,fib32,121,500250
dup_struct,fib32,122,399367
dup_struct,fib32,123,399557
dup_struct,fib32,124,398602
dup_struct,fib32,125,300794
dup_struct,fib32,126,399663
dup_struct,fib32,127,401887
dup_struct,fib32,128,400023
dup_struct,fib32,129,399124
dup_struct,fib32,130,500751
dup_struct,fib32,131,300611
dup_struct,fib32,132,300363
dup_struct,fib32,133,399891
dup_struct,fib32,134,399541
dup_struct,fib32,135,499944
dup_struct,fib32,136,399139
dup_struct,fib32,137,300429
dup_struct,fib32,138,299541
dup_struct,fib32,139,501406
dup_struct,fib32,140,400098
dup_struct,fib32,141,400784
dup_struct,fib32,142,399917
dup_struct,fib32,143,300067
dup_struct,fib32,144,400547
dup_struct,fib32,145,399675
dup_struct,fib32,146,400456
dup_struct,fib32,147,500074
dup_struct,fib32,148,401087
dup_struct,fib32,149,200290
dup_struct,fib32,150,399506
dup_struct,fib32,151,498803
dup_struct,fib32,152,401128
dup_struct,fib32,153,399110
dup_struct,fib32,154,400026
dup_struct,fib32,155,400469
dup_struct,fib32,156,299167
dup_struct,fib32,157,400164
dup_struct,fib32,158,400082
dup_struct,fib32,159,400409
dup_struct,fib32,160,499239
dup_struct,fib32,161,299998
dup_struct,fib32,162,299679
dup_struct,fib32,163,399527
dup_struct,fib32,164,500241
dup_struct,fib32,165,400589
dup_struct,fib32,166,399182
dup_struct,fib32,167,300657
dup_struct,fib32,168,398796
dup_struct,fib32,169,400826
dup_struct,fib32,170,399186
dup_struct,fib32,171,399012
dup_struct,fib32,172,399195
dup_struct,fib32,173,301243
dup_struct,fib32,174,400066
dup_struct,fib32,175,400704
dup_struct,fib32,176,500328
dup_struct,fib32,177,400029
dup_struct,fib32,178,299769
dup_struct,fib32,179,300710
dup_struct,fib32,180,499795
dup_struct,fib32,181,400452
dup_struct,fib32,182,400247
dup_struct,fib32,183,399497
dup_struct,fib32,184,300242
dup_struct,fib32,185,399812
dup_struct,fib32,186,399214
dup_struct,fib32,187,399947
dup_struct,fib32,188,400448
dup_struct,fib32,189,500050
dup_struct,fib32,190,400794
dup_struct,fib32,191,300392
dup_struct,fib32,192,300154
dup_struct,fib32,193,500380
dup_struct,fib32,194,399885
dup_struct,fib32,195,401250
dup_struct,fib32,196,400765
dup_struct,fib32,197,299430
dup_struct,fib32,198,399351
dup_struct,fib32,199,400840
dup_struct,fib32,200,399951
dup_struct,fib32,201,498603
dup_struct,fib32,202,300675
dup_struct,fib32,203,300722
dup_struct,fib32,204,398965
dup_struct,fib32,205,500040
dup_struct,fib32,206,399968
dup_struct,fib32,207,400244
dup_struct,fib32,208,300275
dup_struct,fib32,209,299587
dup_struct,fib32,210,500200
dup_struct,fib32,211,400880
dup_struct,fib32,212,400694
dup_struct,fib32,213,400811
dup_struct,fib32,214,400016
dup_struct,fib32,215,301033
dup_struct,fib32,216,399957
dup_struct,fib32,217,400781
dup_struct,fib32,218,501603
dup_struct,fib32,219,399285
dup_struct,fib32,220,299354
dup_struct,fib32,221,299822
dup_struct,fib32,222,400551
dup_struct,fib32,223,499538
dup_struct,fib32,224,399585
dup_struct,fib32,225,400559
dup_struct,fib32,226,400205
dup_struct,fib32,227,299724
dup_struct,fib32,228,399549
dup_struct,fib32,229,400124
dup_struct,fib32,230,500731
dup_struct,fib32,231,400063
dup_struct,fib32,232,300008
dup_struct,fib32,233,300151
dup_struct,fib32,234,400383
dup_struct,fib32,235,497840
dup_struct,fib32,236,399454
dup_struct,fib32,237,399300
dup_struct,fib32,238,299934
dup_struct,fib32,239,399526
dup_struct,fib32,240,398907
dup_struct,fib32,241,399389
dup_struct,fib32,242,398931
dup_struct,fib32,243,499136
dup_struct,fib32,244,300399
dup_struct,fib32,245,300906
dup_struct,fib32,246,400407
dup_struct,fib32,247,399663
dup_struct,fib32,248,500170
dup_struct,fib32,249,400937
dup_struct,fib32,250,299964
dup_struct,fib32,251,300594
dup_struct,fib32,252,498893
dup_struct,fib32,253,400078
dup_struct,fib32,254,399024
dup_struct,fib32,255,400369
dup_struct,fib32_lowbits,0,100000000
dup_struct,fib32_lowbits,1,0
dup_struct,fib32_lowbits,2,0
dup_struct,fib32_lowbits,3,0
dup_struct,fib32_lowbits,4,0
dup_struct,fib32_lowbits,5,0
dup_struct,fib32_lowbits,6,0
dup_struct,fib32_lowbits,7,0
dup_struct,fib32_lowbits,8,0
dup_struct,fib32_lowbits,9,0
dup_struct,fib32_lowbits,10,0
dup_struct,fib32_lowbits,11,0
dup_struct,fib32_lowbits,12,0
dup_struct,fib32_lowbits,13,0
dup_struct,fib32_lowbits,14,0
dup_struct,fib32_lowbits,15,0
dup_struct,fib32_lowbits,16,0
dup_struct,fib32_lowbits,17,0
dup_struct,fib32_lowbits,18,0
dup_struct,fib32_lowbits,19,0
dup_struct,fib32_lowbits,20,0
dup_struct,fib32_lowbits,21,0
dup_struct,fib32_lowbits,22,0
dup_struct,fib32_lowbits,23,0
dup_struct,fib32_lowbits,24,0
dup_struct,fib32_lowbits,25,0
dup_struct,fib32_lowbits,26,0
dup_struct,fib32_lowbits,27,0
dup_struct,fib32_lowbits,28,0
dup_struct,fib32_lowbits,29,0
dup_struct,fib32_lowbits,30,0
dup_struct,fib32_lowbits,31,0
dup_struct,fib32_lowbits,32,0
dup_struct,fib32_lowbits,33,0
dup_struct,fib32_lowbits,34,0
dup_struct,fib32_lowbits,35,0
dup_struct,fib32_lowbits,36,0
dup_struct,fib32_lowbits,37,0
dup_struct,fib32_lowbits,38,0
dup_struct,fib32_lowbits,39,0
dup_struct,fib32_lowbits,40,0
dup_struct,fib32_lowbits,41,0
dup_struct,fib32_lowbits,42,0
dup_struct,fib32_lowbits,43,0
dup_struct,fib32_lowbits,44,0
dup_struct,fib32_lowbits,45,0
dup_struct,fib32_lowbits,46,0
dup_struct,fib32_lowbits,47,0
dup_struct,fib32_lowbits,48,0
dup_struct,fib32_lowbits,49,0
dup_struct,fib32_lowbits,50,0
dup_struct,fib32_lowbits,51,0
dup_struct,fib32_lowbits,52,0
dup_struct,fib32_lowbits,53,0
dup_struct,fib32_lowbits,54,0
dup_struct,fib32_lowbits,55,0
dup_struct,fib32_lowbits,56,0
dup_struct,fib32_lowbits,57,0
dup_struct,fib32_lowbits,58,0
dup_struct,fib32_lowbits,59,0
dup_struct,fib32_lowbits,60,0
dup_struct,fib32_lowbits,61,0
dup_struct,fib32_lowbits,62,0
dup_struct,fib32_lowbits,63,0
dup_struct,fib32_lowbits,64,0
dup_struct,fib32_lowbits,65,0
dup_struct,fib32_lowbits,66,0
dup_struct,fib32_lowbits,67,0
dup_struct,fib32_lowbits,68,0
dup_struct,fib32_lowbits,69,0
dup_struct,fib32_lowbits,70,0
dup_struct,fib32_lowbits,71,0
dup_struct,fib32_lowbits,72,0
dup_struct,fib32_lowbits,73,0
dup_struct,fib32_lowbits,74,0
dup_struct,fib32_lowbits,75,0
dup_struct,fib32_lowbits,76,0
dup_struct,fib32_lowbits,77,0
dup_struct,fib32_lowbits,78,0
dup_struct,fib32_lowbits,79,0
dup_struct,fib32_lowbits,80,0
dup_struct,fib32_lowbits,81,0
dup_struct,fib32_lowbits,82,0
dup_struct,fib32_lowbits,83,0
dup_struct,fib32_lowbits,84,0
dup_struct,fib32_lowbits,85,0
dup_struct,fib32_lowbits,86,0
dup_struct,fib32_lowbits,87,0
dup_struct,fib32_lowbits,88,0
dup_struct,fib32_lowbits,89,0
dup_struct,fib32_lowbits,90,0
dup_struct,fib32_lowbits,91,0
dup_struct,fib32_lowbits,92,0
dup_struct,fib32_lowbits,93,0
dup_struct,fib32_lowbits,94,0
dup_struct,fib32_lowbits,95,0
dup_struct,fib32_lowbits,96,0
dup_struct,fib32_lowbits,97,0
dup_struct,fib32_lowbits,98,0
dup_struct,fib32_lowbits,99,0
dup_struct,fib32_lowbits,100,0
dup_struct,fib32_lowbits,101,0
dup_struct,fib32_lowbits,102,0
dup_struct,fib32_lowbits,103,0
dup_struct,fib32_lowbits,104,0
dup_struct,fib32_lowbits,105,0
dup_struct,fib32_lowbits,106,0
dup_struct,fib32_lowbits,107,0
dup_struct,fib32_lowbits,108,0
dup_struct,fib32_lowbits,109,0
dup_struct,fib32_lowbits,110,0
dup_struct,fib32_lowbits,111,0
dup_struct,fib32_lowbits,112,0
dup_struct,fib32_lowbits,113,0
dup_struct,fib32_lowbits,114,0
dup_struct,fib32_lowbits,115,0
dup_struct,fib32_lowbits,116,0
dup_struct,fib32_lowbits,117,0
dup_struct,fib32_lowbits,118,0
dup_struct,fib32_lowbits,119,0
dup_struct,fib32_lowbits,120,0
dup_struct,fib32_lowbits,121,0
dup_struct,fib32_lowbits,122,0
dup_struct,fib32_lowbits,123,0
dup_struct,fib32_lowbits,124,0
dup_struct,fib32_lowbits,125,0
dup_struct,fib32_lowbits,126,0
dup_struct,fib32_lowbits,127,0
dup_struct,fib32_lowbits,128,0
dup_struct,fib32_lowbits,129,0
dup_struct,fib32_lowbits,130,0
dup_struct,fib32_lowbits,131,0
dup_struct,fib32_lowbits,132,0
dup_struct,fib32_lowbits,133,0
dup_struct,fib32_lowbits,134,0
dup_struct,fib32_lowbits,135,0
dup_struct,fib32_lowbits,136,0
dup_struct,fib32_lowbits,137,0
dup_struct,fib32_lowbits,138,0
dup_struct,fib32_lowbits,139,0
dup_struct,fib32_lowbits,140,0
dup_struct,fib32_lowbits,141,0
dup_struct,fib32_lowbits,142,0
dup_struct,fib32_lowbits,143,0
dup_struct,fib32_lowbits,144,0
dup_struct,fib32_lowbits,145,0
dup_struct,fib32_lowbits,146,0
dup_struct,fib32_lowbits,147,0
dup_struct,fib32_lowbits,148,0
dup_struct,fib32_lowbits,149,0
dup_struct,fib32_lowbits,150,0
dup_struct,fib32_lowbits,151,0
dup_struct,fib32_lowbits,152,0
dup_struct,fib32_lowbits,153,0
dup_struct,fib32_lowbits,154,0
dup_struct,fib32_lowbits,155,0
dup_struct,fib32_lowbits,156,0
dup_struct,fib32_lowbits,157,0
dup_struct,fib32_lowbits,158,0
dup_struct,fib32_lowbits,159,0
dup_struct,fib32_lowbits,160,0
dup_struct,fib32_lowbits,161,0
dup_struct,fib32_lowbits,162,0
dup_struct,fib32_lowbits,163,0
dup_struct,fib32_lowbits,164,0
dup_struct,fib32_lowbits,165,0
dup_struct,fib32_lowbits,166,0
dup_struct,fib32_lowbits,167,0
dup_struct,fib32_lowbits,168,0
dup_struct,fib32_lowbits,169,0
dup_struct,fib32_lowbits,170,0
dup_struct,fib32_lowbits,171,0
dup_struct,fib32_lowbits,172,0
dup_struct,fib32_lowbits,173,0
dup_struct,fib32_lowbits,174,0
dup_struct,fib32_lowbits,175,0
dup_struct,fib32_lowbits,176,0
dup_struct,fib32_lowbits,177,0
dup_struct,fib32_lowbits,178,0
dup_struct,fib32_lowbits,179,0
dup_struct,fib32_lowbits,180,0
dup_struct,fib32_lowbits,181,0
dup_struct,fib32_lowbits,182,0
dup_struct,fib32_lowbits,183,0
dup_struct,fib32_lowbits,184,0
dup_struct,fib32_lowbits,185,0
dup_struct,fib32_lowbits,186,0
dup_struct,fib32_lowbits,187,0
dup_struct,fib32_lowbits,188,0
dup_struct,fib32_lowbits,189,0
dup_struct,fib32_lowbits,190,0
dup_struct,fib32_lowbits,191,0
dup_struct,fib32_lowbits,192,0
dup_struct,fib32_lowbits,193,0
dup_struct,fib32_lowbits,194,0
dup_struct,fib32_lowbits,195,0
dup_struct,fib32_lowbits,196,0
dup_struct,fib32_lowbits,197,0
dup_struct,fib32_lowbits,198,0
dup_struct,fib32_lowbits,199,0
dup_struct,fib32_lowbits,200,0
dup_struct,fib32_lowbits,201,0
dup_struct,fib32_lowbits,202,0
dup_struct,fib32_lowbits,203,0
dup_struct,fib32_lowbits,204,0
dup_struct,fib32_lowbits,205,0
dup_struct,fib32_lowbits,206,0
dup_struct,fib32_lowbits,207,0
dup_struct,fib32_lowbits,208,0
dup_struct,fib32_lowbits,209,0
dup_struct,fib32_lowbits,210,0
dup_struct,fib32_lowbits,211,0
dup_struct,fib32_lowbits,212,0
dup_struct,fib32_lowbits,213,0
dup_struct,fib32_lowbits,214,0
dup_struct,fib32_lowbits,215,0
dup_struct,fib32_lowbits,216,0
dup_struct,fib32_lowbits,217,0
dup_struct,fib32_lowbits,218,0
dup_struct,fib32_lowbits,219,0
dup_struct,fib32_lowbits,220,0
dup_struct,fib32_lowbits,221,0
dup_struct,fib32_lowbits,222,0
dup_struct,fib32_lowbits,223,0
dup_struct,fib32_lowbits,224,0
dup_struct,fib32_lowbits,225,0
dup_struct,fib32_lowbits,226,0
dup_struct,fib32_lowbits,227,0
dup_struct,fib32_lowbits,228,0
dup_struct,fib32_lowbits,229,0
dup_struct,fib32_lowbits,230,0
dup_struct,fib32_lowbits,231,0
dup_struct,fib32_lowbits,232,0
dup_struct,fib32_lowbits,233,0
dup_struct,fib32_lowbits,234,0
dup_struct,fib32_lowbits,235,0
dup_struct,fib32_lowbits,236,0
dup_struct,fib32_lowbits,237,0
dup_struct,fib32_lowbits,238,0
dup_struct,fib32_lowbits,239,0
dup_struct,fib32_lowbits,240,0
dup_struct,fib32_lowbits,241,0
dup_struct,fib32_lowbits,242,0
dup_struct,fib32_lowbits,243,0
dup_struct,fib32_lowbits,244,0
dup_struct,fib32_lowbits,245,0
dup_struct,fib32_lowbits,246,0
dup_struct,fib32_lowbits,247,0
dup_struct,fib32_lowbits,248,0
dup_struct,fib32_lowbits,249,0
dup_struct,fib32_lowbits,250,0
dup_struct,fib32_lowbits,251,0
dup_struct,fib32_lowbits,252,0
dup_struct,fib32_lowbits,253,0
dup_struct,fib32_lowbits,254,0
dup_struct,fib32_lowbits,255,0
dup_struct,mod,0,100000000
dup_struct,mod,1,0
dup_struct,mod,2,0
dup_struct,mod,3,0
dup_struct,mod,4,0
dup_struct,mod,5,0
dup_struct,mod,6,0
dup_struct,mod,7,0
dup_struct,mod,8,0
dup_struct,mod,9,0
dup_struct,mod,10,0
dup_struct,mod,11,0
dup_struct,mod,12,0
dup_struct,mod,13,0
dup_struct,mod,14,0
dup_struct,mod,15,0
dup_struct,mod,16,0
dup_struct,mod,17,0
dup_struct,mod,18,0
dup_struct,mod,19,0
dup_struct,mod,20,0
dup_struct,mod,21,0
dup_struct,mod,22,0
dup_struct,mod,23,0
dup_struct,mod,24,0
dup_struct,mod,25,0
dup_struct,mod,26,0
dup_struct,mod,27,0
dup_struct,mod,28,0
dup_struct,mod,29,0
dup_struct,mod,30,0
dup_struct,mod,31,0
dup_struct,mod,32,0
dup_struct,mod,33,0
dup_struct,mod,34,0
dup_struct,mod,35,0
dup_struct,mod,36,0
dup_struct,mod,37,0
dup_struct,mod,38,0
dup_struct,mod,39,0
dup_struct,mod,40,0
dup_struct,mod,41,0
dup_struct,mod,42,0
dup_struct,mod,43,0
dup_struct,mod,44,0
dup_struct,mod,45,0
dup_struct,mod,46,0
dup_struct,mod,47,0
dup_struct,mod,48,0
dup_struct,mod,49,0
dup_struct,mod,50,0
dup_struct,mod,51,0
dup_struct,mod,52,0
dup_struct,mod,53,0
dup_struct,mod,54,0
dup_struct,mod,55,0
dup_struct,mod,56,0
dup_struct,mod,57,0
dup_struct,mod,58,0
dup_struct,mod,59,0
dup_struct,mod,60,0
dup_struct,mod,61,0
dup_struct,mod,62,0
dup_struct,mod,63,0
dup_struct,mod,64,0
dup_struct,mod,65,0
dup_struct,mod,66,0
dup_struct,mod,67,0
dup_struct,mod,68,0
dup_struct,mod,69,0
dup_struct,mod,70,0
dup_struct,mod,71,0
dup_struct,mod,72,0
dup_struct,mod,73,0
dup_struct,mod,74,0
dup_struct,mod,75,0
dup_struct,mod,76,0
dup_struct,mod,77,0
dup_struct,mod,78,0
dup_struct,mod,79,0
dup_struct,mod,80,0
dup_struct,mod,81,0
dup_struct,mod,82,0
dup_struct,mod,83,0
dup_struct,mod,84,0
dup_struct,mod,85,0
dup_struct,mod,86,0
dup_struct,mod,87,0
dup_struct,mod,88,0
dup_struct,mod,89,0
dup_struct,mod,90,0
dup_struct,mod,91,0
dup_struct,mod,92,0
dup_struct,mod,93,0
dup_struct,mod,94,0
dup_struct,mod,95,0
dup_struct,mod,96,0
dup_struct,mod,97,0
dup_struct,mod,98,0
dup_struct,mod,99,0
dup_struct,mod,100,0
dup_struct,mod,101,0
dup_struct,mod,102,0
dup_struct,mod,103,0
dup_struct,mod,104,0
dup_struct,mod,105,0
dup_struct,mod,106,0
dup_struct,mod,107,0
dup_struct,mod,108,0
dup_struct,mod,109,0
dup_struct,mod,110,0
dup_struct,mod,111,0
dup_struct,mod,112,0
dup_struct,mod,113,0
dup_struct,mod,114,0
dup_struct,mod,115,0
dup_struct,mod,116,0
dup_struct,mod,117,0
dup_struct,mod,118,0
dup_struct,mod,119,0
dup_struct,mod,120,0
dup_struct,mod,121,0
dup_struct,mod,122,0
dup_struct,mod,123,0
dup_struct,mod,124,0
dup_struct,mod,125,0
dup_struct,mod,126,0
dup_struct,mod,127,0
dup_struct,mod,128,0
dup_struct,mod,129,0
dup_struct,mod,130,0
dup_struct,mod,131,0
dup_struct,mod,132,0
dup_struct,mod,133,0
dup_struct,mod,134,0
dup_struct,mod,135,0
dup_struct,mod,136,0
dup_struct,mod,137,0
dup_struct,mod,138,0
dup_struct,mod,139,0
dup_struct,mod,140,0
dup_struct,mod,141,0
dup_struct,mod,142,0
dup_struct,mod,143,0
dup_struct,mod,144,0
dup_struct,mod,145,0
dup_struct,mod,146,0
dup_struct,mod,147,0
dup_struct,mod,148,0
dup_struct,mod,149,0
dup_struct,mod,150,0
dup_struct,mod,151,0
dup_struct,mod,152,0
dup_struct,mod,153,0
dup_struct,mod,154,0
dup_struct,mod,155,0
dup_struct,mod,156,0
dup_struct,mod,157,0
dup_struct,mod,158,0
dup_struct,mod,159,0
dup_struct,mod,160,0
dup_struct,mod,161,0
dup_struct,mod,162,0
dup_struct,mod,163,0
dup_struct,mod,164,0
dup_struct,mod,165,0
dup_struct,mod,166,0
dup_struct,mod,167,0
dup_struct,mod,168,0
dup_struct,mod,169,0
dup_struct,mod,170,0
dup_struct,mod,171,0
dup_struct,mod,172,0
dup_struct,mod,173,0
dup_struct,mod,174,0
dup_struct,mod,175,0
dup_struct,mod,176,0
dup_struct,mod,177,0
dup_struct,mod,178,0
dup_struct,mod,179,0
dup_struct,mod,180,0
dup_struct,mod,181,0
dup_struct,mod,182,0
dup_struct,mod,183,0
dup_struct,mod,184,0
dup_struct,mod,185,0
dup_struct,mod,186,0
dup_struct,mod,187,0
dup_struct,mod,188,0
dup_struct,mod,189,0
dup_struct,mod,190,0
dup_struct,mod,191,0
dup_struct,mod,192,0
dup_struct,mod,193,0
dup_struct,mod,194,0
dup_struct,mod,195,0
dup_struct,mod,196,0
dup_struct,mod,197,0
dup_struct,mod,198,0
dup_struct,mod,199,0
dup_struct,mod,200,0
dup_struct,mod,201,0
dup_struct,mod,202,0
dup_struct,mod,203,0
dup_struct,mod,204,0
dup_struct,mod,205,0
dup_struct,mod,206,0
dup_struct,mod,207,0
dup_struct,mod,208,0
dup_struct,mod,209,0
dup_struct,mod,210,0
dup_struct,mod,211,0
dup_struct,mod,212,0
dup_struct,mod,213,0
dup_struct,mod,214,0
dup_struct,mod,215,0
dup_struct,mod,216,0
dup_struct,mod,217,0
dup_struct,mod,218,0
dup_struct,mod,219,0
dup_struct,mod,220,0
dup_struct,mod,221,0
dup_struct,mod,222,0
dup_struct,mod,223,0
dup_struct,mod,224,0
dup_struct,mod,225,0
dup_struct,mod,226,0
dup_struct,mod,227,0
dup_struct,mod,228,0
dup_struct,mod,229,0
dup_struct,mod,230,0
dup_struct,mod,231,0
dup_struct,mod,232,0
dup_struct,mod,233,0
dup_struct,mod,234,0
dup_struct,mod,235,0
dup_struct,mod,236,0
dup_struct,mod,237,0
dup_struct,mod,238,0
dup_struct,mod,239,0
dup_struct,mod,240,0
dup_struct,mod,241,0
dup_struct,mod,242,0
dup_struct,mod,243,0
dup_struct,mod,244,0
dup_struct,mod,245,0
dup_struct,mod,246,0
dup_struct,mod,247,0
dup_struct,mod,248,0
dup_struct,mod,249,0
dup_struct,mod,250,0
dup_struct,mod,251,0
dup_struct,mod,252,0
dup_struct,mod,253,0
dup_struct,mod,254,0
dup_struct,mod,255,0
dup_struct,fib64,0,399887
dup_struct,fib64,1,400363
dup_struct,fib64,2,400324
dup_struct,fib64,3,398880
dup_struct,fib64,4,498970
dup_struct,fib64,5,299931
dup_struct,fib64,6,399730
dup_struct,fib64,7,299796
dup_struct,fib64,8,500806
dup_struct,fib64,9,500198
dup_struct,fib64,10,399370
dup_struct,fib64,11,199633
dup_struct,fib64,12,299995
dup_struct,fib64,13,500112
dup_struct,fib64,14,499655
dup_struct,fib64,15,400132
dup_struct,fib64,16,300583
dup_struct,fib64,17,300026
dup_struct,fib64,18,498734
dup_struct,fib64,19,498608
dup_struct,fib64,20,299893
dup_struct,fib64,21,400271
dup_struct,fib64,22,399050
dup_struct,fib64,23,399650
dup_struct,fib64,24,399906
dup_struct,fib64,25,300955
dup_struct,fib64,26,398730
dup_struct,fib64,27,400426
dup_struct,fib64,28,400439
dup_struct,fib64,29,399726
dup_struct,fib64,30,400930
dup_struct,fib64,31,399356
dup_struct,fib64,32,300913
dup_struct,fib64,33,498635
dup_struct,fib64,34,399555
dup_struct,fib64,35,400323
dup_struct,fib64,36,299092
dup_struct,fib64,37,300143
dup_struct,fib64,38,500648
dup_struct,fib64,39,399810
dup_struct,fib64,40,400265
dup_struct,fib64,41,299843
dup_struct,fib64,42,401202
dup_struct,fib64,43,500796
dup_struct,fib64,44,399916
dup_struct,fib64,45,301314
dup_struct,fib64,46,399436
dup_struct,fib64,47,401188
dup_struct,fib64,48,499707
dup_struct,fib64,49,300852
dup_struct,fib64,50,299915
dup_struct,fib64,51,401181
dup_struct,fib64,52,400517
dup_struct,fib64,53,500571
dup_struct,fib64,54,299745
dup_struct,fib64,55,399936
dup_struct,fib64,56,400654
dup_struct,fib64,57,399459
dup_struct,fib64,58,499601
dup_struct,fib64,59,399445
dup_struct,fib64,60,300496
dup_struct,fib64,61,300843
dup_struct,fib64,62,401171
dup_struct,fib64,63,500240
dup_struct,fib64,64,400341
dup_struct,fib64,65,399628
dup_struct,fib64,66,200149
dup_struct,fib64,67,500326
dup_struct,fib64,68,499717
dup_struct,fib64,69,399612
dup_struct,fib64,70,299507
dup_struct,fib64,71,400214
dup_struct,fib64,72,400226
dup_struct,fib64,73,499907
dup_struct,fib64,74,300677
dup_struct,fib64,75,299844
dup_struct,fib64,76,399813
dup_struct,fib64,77,399838
dup_struct,fib64,78,498163
dup_struct,fib64,79,299530
dup_struct,fib64,80,400583
dup_struct,fib64,81,399205
dup_struct,fib64,82,400711
dup_struct,fib64,83,399112
dup_struct,fib64,84,399334
dup_struct,fib64,85,399637
dup_struct,fib64,86,301255
dup_struct,fib64,87,400209
dup_struct,fib64,88,399665
dup_struct,fib64,89,400240
dup_struct,fib64,90,399416
dup_struct,fib64,91,300014
dup_struct,fib64,92,501079
dup_struct,fib64,93,400119
dup_struct,fib64,94,399602
dup_struct,fib64,95,299936
dup_struct,fib64,96,400448
dup_struct,fib64,97,499386
dup_struct,fib64,98,398686
dup_struct,fib64,99,299526
dup_struct,fib64,100,300710
dup_struct,fib64,101,399123
dup_struct,fib64,102,500143
dup_struct,fib64,103,399612
dup_struct,fib64,104,300596
dup_struct,fib64,105,399315
dup_struct,fib64,106,398449
dup_struct,fib64,107,499365
dup_struct,fib64,108,399672
dup_struct,fib64,109,299093
dup_struct,fib64,110,400722
dup_struct,fib64,111,399931
dup_struct,fib64,112,400117
dup_struct,fib64,113,400064
dup_struct,fib64,114,400410
dup_struct,fib64,115,301250
dup_struct,fib64,116,400085
dup_struct,fib64,117,500325
dup_struct,fib64,118,399128
dup_struct,fib64,119,399724
dup_struct,fib64,120,300718
dup_struct,fib64,121,400073
dup_struct,fib64,122,500182
dup_struct,fib64,123,399715
dup_struct,fib64,124,299435
dup_struct,fib64,125,298528
dup_struct,fib64,126,399010
dup_struct,fib64,127,502457
dup_struct,fib64,128,401004
dup_struct,fib64,129,299970
dup_struct,fib64,130,399363
dup_struct,fib64,131,400404
dup_struct,fib64,132,501196
dup_struct,fib64,133,299638
dup_struct,fib64,134,300139
dup_struct,fib64,135,398910
dup_struct,fib64,136,400078
dup_struct,fib64,137,500149
dup_struct,fib64,138,299922
dup_struct,fib64,139,400377
dup_struct,fib64,140,400216
dup_struct,fib64,141,399880
dup_struct,fib64,142,401381
dup_struct,fib64,143,400373
dup_struct,fib64,144,399810
dup_struct,fib64,145,299661
dup_struct,fib64,146,400171
dup_struct,fib64,147,399852
dup_struct,fib64,148,400388
dup_struct,fib64,149,401118
dup_struct,fib64,150,300060
dup_struct,fib64,151,500030
dup_struct,fib64,152,398823
dup_struct,fib64,153,401233
dup_struct,fib64,154,299046
dup_struct,fib64,155,399700
dup_struct,fib64,156,499925
dup_struct,fib64,157,500150
dup_struct,fib64,158,200115
dup_struct,fib64,159,300021
dup_struct,fib64,160,400452
dup_struct,fib64,161,499711
dup_struct,fib64,162,499229
dup_struct,fib64,163,299958
dup_struct,fib64,164,299704
dup_struct,fib64,165,400382
dup_struct,fib64,166,499478
dup_struct,fib64,167,400260
dup_struct,fib64,168,399243
dup_struct,fib64,169,400179
dup_struct,fib64,170,300096
dup_struct,fib64,171,399517
dup_struct,fib64,172,399293
dup_struct,fib64,173,400117
dup_struct,fib64,174,400260
dup_struct,fib64,175,300644
dup_struct,fib64,176,499843
dup_struct,fib64,177,399804
dup_struct,fib64,178,400797
dup_struct,fib64,179,300360
dup_struct,fib64,180,400607
dup_struct,fib64,181,499279
dup_struct,fib64,182,400973
dup_struct,fib64,183,299754
dup_struct,fib64,184,299429
dup_struct,fib64,185,400021
dup_struct,fib64,186,499672
dup_struct,fib64,187,399663
dup_struct,fib64,188,299927
dup_struct,fib64,189,400413
dup_struct,fib64,190,400836
dup_struct,fib64,191,499357
dup_struct,fib64,192,301388
dup_struct,fib64,193,399207
dup_struct,fib64,194,401206
dup_struct,fib64,195,400030
dup_struct,fib64,196,400092
dup_struct,fib64,197,301348
dup_struct,fib64,198,399869
dup_struct,fib64,199,399723
dup_struct,fib64,200,398756
dup_struct,fib64,201,401363
dup_struct,fib64,202,398929
dup_struct,fib64,203,400870
dup_struct,fib64,204,299602
dup_struct,fib64,205,500174
dup_struct,fib64,206,500228
dup_struct,fib64,207,299272
dup_struct,fib64,208,300457
dup_struct,fib64,209,299966
dup_struct,fib64,210,499141
dup_struct,fib64,211,500348
dup_struct,fib64,212,401730
dup_struct,fib64,213,200091
dup_struct,fib64,214,400315
dup_struct,fib64,215,501459
dup_struct,fib64,216,500418
dup_struct,fib64,217,300085
dup_struct,fib64,218,300221
dup_struct,fib64,219,400648
dup_struct,fib64,220,500984
dup_struct,fib64,221,398819
dup_struct,fib64,222,300237
dup_struct,fib64,223,400066
dup_struct,fib64,224,299664
dup_struct,fib64,225,498970
dup_struct,fib64,226,400741
dup_struct,fib64,227,400990
dup_struct,fib64,228,398953
dup_struct,fib64,229,300859
dup_struct,fib64,230,499352
dup_struct,fib64,231,400684
dup_struct,fib64,232,399973
dup_struct,fib64,233,300111
dup_struct,fib64,234,300013
dup_struct,fib64,235,500063
dup_struct,fib64,236,398946
dup_struct,fib64,237,398703
dup_struct,fib64,238,299532
dup_struct,fib64,239,399800
dup_struct,fib64,240,498951
dup_struct,fib64,241,399321
dup_struct,fib64,242,299452
dup_struct,fib64,243,398769
dup_struct,fib64,244,399890
dup_struct,fib64,245,500239
dup_struct,fib64,246,300383
dup_struct,fib64,247,300498
dup_struct,fib64,248,399469
dup_struct,fib64,249,401741
dup_struct,fib64,250,499538
dup_struct,fib64,251,300852
dup_struct,fib64,252,399598
dup_struct,fib64,253,398658
dup_struct,fib64,254,400028
dup_struct,fib64,255,399772
dup_struct,mult32_nofold,0,399464
dup_struct,mult32_nofold,1,400800
dup_struct,mult32_nofold,2,399280
dup_struct,mult32_nofold,3,398855
dup_struct,mult32_nofold,4,499897
dup_struct,mult32_nofold,5,400123
dup_struct,mult32_nofold,6,299629
dup_struct,mult32_nofold,7,300838
dup_struct,mult32_nofold,8,500015
dup_struct,mult32_nofold,9,399284
dup_struct,mult32_nofold,10,399695
dup_struct,mult32_nofold,11,399358
dup_struct,mult32_nofold,12,300740
dup_struct,mult32_nofold,13,400313
dup_struct,mult32_nofold,14,399457
dup_struct,mult32_nofold,15,400581
dup_struct,mult32_nofold,16,399810
dup_struct,mult32_nofold,17,498380
dup_struct,mult32_nofold,18,299612
dup_struct,mult32_nofold,19,299394
dup_struct,mult32_nofold,20,400038
dup_struct,mult32_nofold,21,499853
dup_struct,mult32_nofold,22,400332
dup_struct,mult32_nofold,23,399491
dup_struct,mult32_nofold,24,299177
dup_struct,mult32_nofold,25,300997
dup_struct,mult32_nofold,26,498989
dup_struct,mult32_nofold,27,400035
dup_struct,mult32_nofold,28,400079
dup_struct,mult32_nofold,29,400592
dup_struct,mult32_nofold,30,300133
dup_struct,mult32_nofold,31,399277
dup_struct,mult32_nofold,32,400699
dup_struct,mult32_nofold,33,499200
dup_struct,mult32_nofold,34,400038
dup_struct,mult32_nofold,35,299402
dup_struct,mult32_nofold,36,299949
dup_struct,mult32_nofold,37,399854
dup_struct,mult32_nofold,38,500966
dup_struct,mult32_nofold,39,399787
dup_struct,mult32_nofold,40,399963
dup_struct,mult32_nofold,41,400722
dup_struct,mult32_nofold,42,301260
dup_struct,mult32_nofold,43,400191
dup_struct,mult32_nofold,44,400935
dup_struct,mult32_nofold,45,400075
dup_struct,mult32_nofold,46,500169
dup_struct,mult32_nofold,47,400597
dup_struct,mult32_nofold,48,300096
dup_struct,mult32_nofold,49,300161
dup_struct,mult32_nofold,50,401217
dup_struct,mult32_nofold,51,500394
dup_struct,mult32_nofold,52,400647
dup_struct,mult32_nofold,53,399469
dup_struct,mult32_nofold,54,299952
dup_struct,mult32_nofold,55,400206
dup_struct,mult32_nofold,56,400159
dup_struct,mult32_nofold,57,398783
dup_struct,mult32_nofold,58,501443
dup_struct,mult32_nofold,59,299056
dup_struct,mult32_nofold,60,301078
dup_struct,mult32_nofold,61,401766
dup_struct,mult32_nofold,62,400755
dup_struct,mult32_nofold,63,498662
dup_struct,mult32_nofold,64,400241
dup_struct,mult32_nofold,65,299760
dup_struct,mult32_nofold,66,300695
dup_struct,mult32_nofold,67,500732
dup_struct,mult32_nofold,68,399112
dup_struct,mult32_nofold,69,399012
dup_struct,mult32_nofold,70,400789
dup_struct,mult32_nofold,71,400404
dup_struct,mult32_nofold,72,299483
dup_struct,mult32_nofold,73,399867
dup_struct,mult32_nofold,74,400325
dup_struct,mult32_nofold,75,399336
dup_struct,mult32_nofold,76,499063
dup_struct,mult32_nofold,77,400087
dup_struct,mult32_nofold,78,198935
dup_struct,mult32_nofold,79,400262
dup_struct,mult32_nofold,80,499549
dup_struct,mult32_nofold,81,399798
dup_struct,mult32_nofold,82,399612
dup_struct,mult32_nofold,83,399700
dup_struct,mult32_nofold,84,299868
dup_struct,mult32_nofold,85,400144
dup_struct,mult32_nofold,86,400674
dup_struct,mult32_nofold,87,399708
dup_struct,mult32_nofold,88,500358
dup_struct,mult32_nofold,89,299567
dup_struct,mult32_nofold,90,300562
dup_struct,mult32_nofold,91,401165
dup_struct,mult32_nofold,92,499030
dup_struct,mult32_nofold,93,400107
dup_struct,mult32_nofold,94,400045
dup_struct,mult32_nofold,95,300504
dup_struct,mult32_nofold,96,398709
dup_struct,mult32_nofold,97,399571
dup_struct,mult32_nofold,98,399153
dup_struct,mult32_nofold,99,400559
dup_struct,mult32_nofold,100,399418
dup_struct,mult32_nofold,101,400003
dup_struct,mult32_nofold,102,300168
dup_struct,mult32_nofold,103,400036
dup_struct,mult32_nofold,104,398846
dup_struct,mult32_nofold,105,499079
dup_struct,mult32_nofold,106,399397
dup_struct,mult32_nofold,107,298984
dup_struct,mult32_nofold,108,300073
dup_struct,mult32_nofold,109,500483
dup_struct,mult32_nofold,110,399789
dup_struct,mult32_nofold,111,400488
dup_struct,mult32_nofold,112,400060
dup_struct,mult32_nofold,113,300210
dup_struct,mult32_nofold,114,400503
dup_struct,mult32_nofold,115,400546
dup_struct,mult32_nofold,116,400141
dup_struct,mult32_nofold,117,499401
dup_struct,mult32_nofold,118,399650
dup_struct,mult32_nofold,119,300647
dup_struct,mult32_nofold,120,300302
dup_struct,mult32_nofold,121,500250
dup_struct,mult32_nofold,122,399367
dup_struct,mult32_nofold,123,399557
dup_struct,mult32_nofold,124,398602
dup_struct,mult32_nofold,125,300794
dup_struct,mult32_nofold,126,399663
dup_struct,mult32_nofold,127,401887
dup_struct,mult32_nofold,128,400023
dup_struct,mult32_nofold,129,399124
dup_struct,mult32_nofold,130,500751
dup_struct,mult32_nofold,131,300611
dup_struct,mult32_nofold,132,300363
dup_struct,mult32_nofold,133,399891
dup_struct,mult32_nofold,134,399541
dup_struct,mult32_nofold,135,499944
dup_struct,mult32_nofold,136,399139
dup_struct,mult32_nofold,137,300429
dup_struct,mult32_nofold,138,299541
dup_struct,mult32_nofold,139,501406
dup_struct,mult32_nofold,140,400098
dup_struct,mult32_nofold,141,400784
dup_struct,mult32_nofold,142,399917
dup_struct,mult32_nofold,143,300067
dup_struct,mult32_nofold,144,400547
dup_struct,mult32_nofold,145,399675
dup_struct,mult32_nofold,146,400456
dup_struct,mult32_nofold,147,500074
dup_struct,mult32_nofold,148,401087
dup_struct,mult32_nofold,149,200290
dup_struct,mult32_nofold,150,399506
dup_struct,mult32_nofold,151,498803
dup_struct,mult32_nofold,152,401128
dup_struct,mult32_nofold,153,399110
dup_struct,mult32_nofold,154,400026
dup_struct,mult32_nofold,155,400469
dup_struct,mult32_nofold,156,299167
dup_struct,mult32_nofold,157,400164
dup_struct,mult32_nofold,158,400082
dup_struct,mult32_nofold,159,400409
dup_struct,mult32_nofold,160,499239
dup_struct,mult32_nofold,161,299998
dup_struct,mult32_nofold,162,299679
dup_struct,mult32_nofold,163,399527
dup_struct,mult32_nofold,164,500241
dup_struct,mult32_nofold,165,400589
dup_struct,mult32_nofold,166,399182
dup_struct,mult32_nofold,167,300657
dup_struct,mult32_nofold,168,398796
dup_struct,mult32_nofold,169,400826
dup_struct,mult32_nofold,170,399186
dup_struct,mult32_nofold,171,399012
dup_struct,mult32_nofold,172,399195
dup_struct,mult32_nofold,173,301243
dup_struct,mult32_nofold,174,400066
dup_struct,mult32_nofold,175,400704
dup_struct,mult32_nofold,176,500328
dup_struct,mult32_nofold,177,400029
dup_struct,mult32_nofold,178,299769
dup_struct,mult32_nofold,179,300710
dup_struct,mult32_nofold,180,499795
dup_struct,mult32_nofold,181,400452
dup_struct,mult32_nofold,182,400247
dup_struct,mult32_nofold,183,399497
dup_struct,mult32_nofold,184,300242
dup_struct,mult32_nofold,185,399812
dup_struct,mult32_nofold,186,399214
dup_struct,mult32_nofold,187,399947
dup_struct,mult32_nofold,188,400448
dup_struct,mult32_nofold,189,500050
dup_struct,mult32_nofold,190,400794
dup_struct,mult32_nofold,191,300392
dup_struct,mult32_nofold,192,300154
dup_struct,mult32_nofold,193,500380
dup_struct,mult32_nofold,194,399885
dup_struct,mult32_nofold,195,401250
dup_struct,mult32_nofold,196,400765
dup_struct,mult32_nofold,197,299430
dup_struct,mult32_nofold,198,399351
dup_struct,mult32_nofold,199,400840
dup_struct,mult32_nofold,200,399951
dup_struct,mult32_nofold,201,498603
dup_struct,mult32_nofold,202,300675
dup_struct,mult32_nofold,203,300722
dup_struct,mult32_nofold,204,398965
dup_struct,mult32_nofold,205,500040
dup_struct,mult32_nofold,206,399968
dup_struct,mult32_nofold,207,400244
dup_struct,mult32_nofold,208,300275
dup_struct,mult32_nofold,209,299587
dup_struct,mult32_nofold,210,500200
dup_struct,mult32_nofold,211,400880
dup_struct,mult32_nofold,212,400694
dup_struct,mult32_nofold,213,400811
dup_struct,mult32_nofold,214,400016
dup_struct,mult32_nofold,215,301033
dup_struct,mult32_nofold,216,399957
dup_struct,mult32_nofold,217,400781
dup_struct,mult32_nofold,218,501603
dup_struct,mult32_nofold,219,399285
dup_struct,mult32_nofold,220,299354
dup_struct,mult32_nofold,221,299822
dup_struct,mult32_nofold,222,400551
dup_struct,mult32_nofold,223,499538
dup_struct,mult32_nofold,224,399585
dup_struct,mult32_nofold,225,400559
dup_struct,mult32_nofold,226,400205
dup_struct,mult32_nofold,227,299724
dup_struct,mult32_nofold,228,399549
dup_struct,mult32_nofold,229,400124
dup_struct,mult32_nofold,230,500731
dup_struct,mult32_nofold,231,400063
dup_struct,mult32_nofold,232,300008
dup_struct,mult32_nofold,233,300151
dup_struct,mult32_nofold,234,400383
dup_struct,mult32_nofold,235,497840
dup_struct,mult32_nofold,236,399454
dup_struct,mult32_nofold,237,399300
dup_struct,mult32_nofold,238,299934
dup_struct,mult32_nofold,239,399526
dup_struct,mult32_nofold,240,398907
dup_struct,mult32_nofold,241,399389
dup_struct,mult32_nofold,242,398931
dup_struct,mult32_nofold,243,499136
dup_struct,mult32_nofold,244,300399
dup_struct,mult32_nofold,245,300906
dup_struct,mult32_nofold,246,400407
dup_struct,mult32_nofold,247,399663
dup_struct,mult32_nofold,248,500170
dup_struct,mult32_nofold,249,400937
dup_struct,mult32_nofold,250,299964
dup_struct,mult32_nofold,251,300594
dup_struct,mult32_nofold,252,498893
dup_struct,mult32_nofold,253,400078
dup_struct,mult32_nofold,254,399024
dup_struct,mult32_nofold,255,400369
